Site_Code,Site_Name,Site_Address,Site_Type,Equipment,Configuration,Start Time,Start Date,End Time,End Date,Temp mean,Temp min,Temp max,X,Y,Lat,Long,Easting,Northing,Direction (degrees),Altitude (m),Time since installation,Substrate,Number of files,Notes,03/06/2013,04/06/2013,05/06/2013,06/06/2013,07/06/2013,08/06/2013,09/06/2013,10/06/2013,11/06/2013,12/06/2013,13/06/2013,14/06/2013,15/06/2013,16/06/2013,17/06/2013,18/06/2013,19/06/2013,20/06/2013,21/06/2013,22/06/2013,23/06/2013,24/06/2013,25/06/2013,26/06/2013,27/06/2013,28/06/2013,29/06/2013,30/06/2013,01/07/2013,02/07/2013,03/07/2013,04/07/2013,05/07/2013,06/07/2013,07/07/2013,08/07/2013,09/07/2013,10/07/2013,11/07/2013,12/07/2013,13/07/2013,14/07/2013,15/07/2013,16/07/2013,17/07/2013,18/07/2013,19/07/2013,20/07/2013,21/07/2013,22/07/2013,23/07/2013,24/07/2013,25/07/2013,26/07/2013,27/07/2013,28/07/2013,29/07/2013,30/07/2013,31/07/2013,01/08/2013,02/08/2013,03/08/2013,04/08/2013,05/08/2013,06/08/2013,07/08/2013,08/08/2013,09/08/2013,10/08/2013,11/08/2013,12/08/2013,13/08/2013,14/08/2013,15/08/2013,16/08/2013,17/08/2013,18/08/2013,19/08/2013,20/08/2013,21/08/2013,22/08/2013,23/08/2013,24/08/2013,25/08/2013,26/08/2013,27/08/2013,28/08/2013,29/08/2013,30/08/2013,31/08/2013,01/09/2013,02/09/2013,03/09/2013,04/09/2013,05/09/2013,06/09/2013,07/09/2013,08/09/2013,09/09/2013,10/09/2013,11/09/2013,12/09/2013,13/09/2013,14/09/2013,15/09/2013,16/09/2013,17/09/2013,18/09/2013,19/09/2013,20/09/2013,21/09/2013,22/09/2013,23/09/2013,24/09/2013,25/09/2013,26/09/2013,27/09/2013,28/09/2013,29/09/2013,30/09/2013,01/10/2013,02/10/2013,03/10/2013,04/10/2013,05/10/2013,06/10/2013,07/10/2013,08/10/2013,09/10/2013,10/10/2013,11/10/2013,12/10/2013,13/10/2013,19/05/2014,20/05/2014,21/05/2014,22/05/2014,23/05/2014,24/05/2014,25/05/2014,26/05/2014,27/05/2014,28/05/2014,29/05/2014,30/05/2014,31/05/2014,01/06/2014,02/06/2014,03/06/2014,04/06/2014,05/06/2014,06/06/2014,07/06/2014,08/06/2014,09/06/2014,10/06/2014,11/06/2014,12/06/2014,13/06/2014,14/06/2014,15/06/2014,16/06/2014,17/06/2014,18/06/2014,19/06/2014,20/06/2014,21/06/2014,22/06/2014,23/06/2014,24/06/2014,25/06/2014,26/06/2014,27/06/2014,28/06/2014,29/06/2014,30/06/2014,01/07/2014,02/07/2014,03/07/2014,04/07/2014,05/07/2014,06/07/2014,07/07/2014,08/07/2014,09/07/2014,10/07/2014,11/07/2014,12/07/2014,13/07/2014,14/07/2014,15/07/2014,16/07/2014,17/07/2014,18/07/2014,19/07/2014,20/07/2014,21/07/2014,22/07/2014,23/07/2014,24/07/2014,25/07/2014,26/07/2014,27/07/2014,28/07/2014,29/07/2014,30/07/2014,31/07/2014,01/08/2014,02/08/2014,03/08/2014,04/08/2014,05/08/2014,06/08/2014,07/08/2014,08/08/2014,09/08/2014,10/08/2014,11/08/2014,12/08/2014,13/08/2014,14/08/2014,15/08/2014,16/08/2014,17/08/2014,18/08/2014,19/08/2014,20/08/2014,21/08/2014,22/08/2014,23/08/2014,24/08/2014,25/08/2014,26/08/2014,27/08/2014,28/08/2014,29/08/2014,30/08/2014,31/08/2014,01/09/2014,02/09/2014,03/09/2014,04/09/2014,05/09/2014,06/09/2014,07/09/2014,08/09/2014,09/09/2014,10/09/2014,11/09/2014,12/09/2014,13/09/2014,14/09/2014,15/09/2014,16/09/2014,17/09/2014,18/09/2014,19/09/2014,20/09/2014,21/09/2014,22/09/2014,23/09/2014,24/09/2014,25/09/2014,26/09/2014,27/09/2014,28/09/2014,29/09/2014,30/09/2014
RM14_3YB,Upminster,,Churchyard,11944,SM2BAT-192-MIXED-STEREO-10MINPERHOUR,10:57:49,03/06/2013,09:00:00,10/06/2013,15.0,6.2,26.7,557264,557264,51.551209,0.26685297,,,,,,,7513,No files from around sunrise,,,,,,*,,,,,,,,,,,,,,,,,,,,,,,,,,,,,,,,,,,,,,,,,,,,,,,,,,,,,,,,,,,,,,,,,,,,,,,,,,,,,,,,,,,,,,,,,,,,,,,,,,,,,,,,,,,,,,,,,,,,,,,,,,,,,,,,,,,,,,,,,,,,,,,,,,,,,,,,,,,,,,,,,,,,,,,,,,,,,,,,,,,,,,,,,,,,,,,,,,,,,,,,,,,,,,,,,,,,,,,,,,,,,,,,,,,,,,,,,,,,,,,,,,,,,,,,,,,,,,,,,,,,,,
RM14_3YB,Upminster,,Churchyard,11944,SM2BAT-WAC0-192-MIXED-STEREO-10MINPERHOUR,11:00:00,11/06/2013,12:00:00,19/06/2013,13.8,9.2,20.4,,,,,,,,,,,,Converted wac files are useless,,,,,,,,,,,,,*,,,,,,,,,,,,,,,,,,,,,,,,,,,,,,,,,,,,,,,,,,,,,,,,,,,,,,,,,,,,,,,,,,,,,,,,,,,,,,,,,,,,,,,,,,,,,,,,,,,,,,,,,,,,,,,,,,,,,,,,,,,,,,,,,,,,,,,,,,,,,,,,,,,,,,,,,,,,,,,,,,,,,,,,,,,,,,,,,,,,,,,,,,,,,,,,,,,,,,,,,,,,,,,,,,,,,,,,,,,,,,,,,,,,,,,,,,,,,,,,,,,,,,,,,,,,,,,
W8_4LA,Kensington,,Churchyard,13451,384-MONO-SNR18-HPF12000,10:00:00,21/06/2013,10:00,28/06/2013,15.6,12.0,26.0,525624,179694,51.502225,-0.19147217,,,,,,,734,Batteries died after 6 days,,,,,,,,,,,,,,,,,,,,*,,,,,,,,,,,,,,,,,,,,,,,,,,,,,,,,,,,,,,,,,,,,,,,,,,,,,,,,,,,,,,,,,,,,,,,,,,,,,,,,,,,,,,,,,,,,,,,,,,,,,,,,,,,,,,,,,,,,,,,,,,,,,,,,,,,,,,,,,,,,,,,,,,,,,,,,,,,,,,,,,,,,,,,,,,,,,,,,,,,,,,,,,,,,,,,,,,,,,,,,,,,,,,,,,,,,,,,,,,,,,,,,,,,,,,,,,,,,,,,,,,,,,,,,
W8_4LA,Kensington,,Churchyard,13548,SM2-24000-29-1-CONTIN,10:00:00,21/06/2013,10:00,28/06/2013,,,,,,,,,,,,,,,,,,,,,,,,,,,,,,,,,,,*,,,,,,,,,,,,,,,,,,,,,,,,,,,,,,,,,,,,,,,,,,,,,,,,,,,,,,,,,,,,,,,,,,,,,,,,,,,,,,,,,,,,,,,,,,,,,,,,,,,,,,,,,,,,,,,,,,,,,,,,,,,,,,,,,,,,,,,,,,,,,,,,,,,,,,,,,,,,,,,,,,,,,,,,,,,,,,,,,,,,,,,,,,,,,,,,,,,,,,,,,,,,,,,,,,,,,,,,,,,,,,,,,,,,,,,,,,,,,,,,,,,,,,,,
W11_2NN,Ladbrook_Grove,,Churchyard,11944,384-MONO-SNR18-HPF12000,14:00:00,24/06/2013,09:00:00,01/07/2013,16.1,9.5,27.0,529828,183393,51.534524,-0.12957484,,,,,,,369,,,,,,,,,,,,,,,,,,,,,,,,,,,,*,,,,,,,,,,,,,,,,,,,,,,,,,,,,,,,,,,,,,,,,,,,,,,,,,,,,,,,,,,,,,,,,,,,,,,,,,,,,,,,,,,,,,,,,,,,,,,,,,,,,,,,,,,,,,,,,,,,,,,,,,,,,,,,,,,,,,,,,,,,,,,,,,,,,,,,,,,,,,,,,,,,,,,,,,,,,,,,,,,,,,,,,,,,,,,,,,,,,,,,,,,,,,,,,,,,,,,,,,,,,,,,,,,,,,,,,,,,,,,,,,
W11_2NN,Ladbrook_Grove,,Churchyard,13527,SM2-24000-29-1-CONTIN,14:00:00,24/06/2013,09:00:00,01/07/2013,,,,,,,,,,,,,,,,,,,,,,,,,,,,,,,,,,,,,,,,,,*,,,,,,,,,,,,,,,,,,,,,,,,,,,,,,,,,,,,,,,,,,,,,,,,,,,,,,,,,,,,,,,,,,,,,,,,,,,,,,,,,,,,,,,,,,,,,,,,,,,,,,,,,,,,,,,,,,,,,,,,,,,,,,,,,,,,,,,,,,,,,,,,,,,,,,,,,,,,,,,,,,,,,,,,,,,,,,,,,,,,,,,,,,,,,,,,,,,,,,,,,,,,,,,,,,,,,,,,,,,,,,,,,,,,,,,,,,,,,,,,,
SW15_4LA,Putney_Heath,,Churchyard,11944,384-MONO-SNR18-HPF12000,11:00:00,02/07/2013,21:00:00,07/07/2013,18.1,12.5,31.5,522609,173713,51.449136,-0.23696512,,,,,,,391,,,,,,,,,,,,,,,,,,,,,,,,,,,,,,,,,,,*,,,,,,,,,,,,,,,,,,,,,,,,,,,,,,,,,,,,,,,,,,,,,,,,,,,,,,,,,,,,,,,,,,,,,,,,,,,,,,,,,,,,,,,,,,,,,,,,,,,,,,,,,,,,,,,,,,,,,,,,,,,,,,,,,,,,,,,,,,,,,,,,,,,,,,,,,,,,,,,,,,,,,,,,,,,,,,,,,,,,,,,,,,,,,,,,,,,,,,,,,,,,,,,,,,,,,,,,,,,,,,,,,,,,,,,,,,
SW15_4LA,Putney_Heath,,Churchyard,13527,SM2-24000-29-1-CONTIN,11:00:00,02/07/2013,21:00:00,07/07/2013,,,,,,,,,,,,,,,,,,,,,,,,,,,,,,,,,,,,,,,,,,,,,,,,,*,,,,,,,,,,,,,,,,,,,,,,,,,,,,,,,,,,,,,,,,,,,,,,,,,,,,,,,,,,,,,,,,,,,,,,,,,,,,,,,,,,,,,,,,,,,,,,,,,,,,,,,,,,,,,,,,,,,,,,,,,,,,,,,,,,,,,,,,,,,,,,,,,,,,,,,,,,,,,,,,,,,,,,,,,,,,,,,,,,,,,,,,,,,,,,,,,,,,,,,,,,,,,,,,,,,,,,,,,,,,,,,,,,,,,,,,,,
WC2H_8LG,Tottenham_Court_Road,,Churchyard,11944,384-MONO-SNR18-HPF12000,10:00:00,08/07/2013,21:41:20,14/07/2013,23.9,14.0,45.5,529976,181248,51.515209,-0.12823373,,,,,,,623,Detectors inside chrurch due to safety issues. Batteries died on 14/07/2013,,,,,,,,,,,,,,,,,,,,,,,,,,,,,,,,,,,,,,,,,*,,,,,,,,,,,,,,,,,,,,,,,,,,,,,,,,,,,,,,,,,,,,,,,,,,,,,,,,,,,,,,,,,,,,,,,,,,,,,,,,,,,,,,,,,,,,,,,,,,,,,,,,,,,,,,,,,,,,,,,,,,,,,,,,,,,,,,,,,,,,,,,,,,,,,,,,,,,,,,,,,,,,,,,,,,,,,,,,,,,,,,,,,,,,,,,,,,,,,,,,,,,,,,,,,,,,,,,,,,,,,,,,,,,
WC2H_8LG,Tottenham_Court_Road,,Churchyard,13527,SM2-24000-29-1-CONTIN,10:00:00,08/07/2013,08:00:00,16/07/2013,,,,,,,,,,,,,,,Detectors inside chrurch due to safety issues.,,,,,,,,,,,,,,,,,,,,,,,,,,,,,,,,,,,,,,,,,*,,,,,,,,,,,,,,,,,,,,,,,,,,,,,,,,,,,,,,,,,,,,,,,,,,,,,,,,,,,,,,,,,,,,,,,,,,,,,,,,,,,,,,,,,,,,,,,,,,,,,,,,,,,,,,,,,,,,,,,,,,,,,,,,,,,,,,,,,,,,,,,,,,,,,,,,,,,,,,,,,,,,,,,,,,,,,,,,,,,,,,,,,,,,,,,,,,,,,,,,,,,,,,,,,,,,,,,,,,,,,,,,,,,
NW1,StPancras,,Churchyard,13451,384-MONO-SNR18-HPF12000,15:00:00,08/07/2013,23:43:35,14/07/2013,21.4,13.0,34.5,524612,180589,51.510495,-0.20573884,,,,,,,273,Batteries died on the 14/07/2013,,,,,,,,,,,,,,,,,,,,,,,,,,,,,,,,,,,,,,,,,*,,,,,,,,,,,,,,,,,,,,,,,,,,,,,,,,,,,,,,,,,,,,,,,,,,,,,,,,,,,,,,,,,,,,,,,,,,,,,,,,,,,,,,,,,,,,,,,,,,,,,,,,,,,,,,,,,,,,,,,,,,,,,,,,,,,,,,,,,,,,,,,,,,,,,,,,,,,,,,,,,,,,,,,,,,,,,,,,,,,,,,,,,,,,,,,,,,,,,,,,,,,,,,,,,,,,,,,,,,,,,,,,,,,
NW1,StPancras,,Churchyard,13548,SM2-24000-29-1-CONTIN,15:00:00,08/07/2013,08:00:00,16/07/2013,,,,,,,,,,,,,,,,,,,,,,,,,,,,,,,,,,,,,,,,,,,,,,,,,,,,,,,,*,,,,,,,,,,,,,,,,,,,,,,,,,,,,,,,,,,,,,,,,,,,,,,,,,,,,,,,,,,,,,,,,,,,,,,,,,,,,,,,,,,,,,,,,,,,,,,,,,,,,,,,,,,,,,,,,,,,,,,,,,,,,,,,,,,,,,,,,,,,,,,,,,,,,,,,,,,,,,,,,,,,,,,,,,,,,,,,,,,,,,,,,,,,,,,,,,,,,,,,,,,,,,,,,,,,,,,,,,,,,,,,,,,,
HA8_6RB,Edgware,,Churchyard,11944,384-MONO-SNR18-HPF12000,11:00:00,23/07/2013,11:00:00,30/07/2013,19.5,13.0,28.5,518516,191361,51.608616,-0.28990254,,,,,,,1801,Massive storm at 11:30:00 on first day. Several heavy rain events throughout week,,,,,,,,,,,,,,,,,,,,,,,,,,,,,,,,,,,,,,,,,,,,,,,,,,,,,,,*,,,,,,,,,,,,,,,,,,,,,,,,,,,,,,,,,,,,,,,,,,,,,,,,,,,,,,,,,,,,,,,,,,,,,,,,,,,,,,,,,,,,,,,,,,,,,,,,,,,,,,,,,,,,,,,,,,,,,,,,,,,,,,,,,,,,,,,,,,,,,,,,,,,,,,,,,,,,,,,,,,,,,,,,,,,,,,,,,,,,,,,,,,,,,,,,,,,,,,,,,,,,,,,,,,,,,
HA8_6RB,Edgware,,Churchyard,13527,SM2-24000-29-1-CONTIN,11:00:00,23/07/2013,11:00:00,30/07/2013,,,,,,,,,,,,,,,Massive storm at 11:30:00 on first day. Several heavy rain events throughout week,,,,,,,,,,,,,,,,,,,,,,,,,,,,,,,,,,,,,,,,,,,,,,,,,,,,,,,*,,,,,,,,,,,,,,,,,,,,,,,,,,,,,,,,,,,,,,,,,,,,,,,,,,,,,,,,,,,,,,,,,,,,,,,,,,,,,,,,,,,,,,,,,,,,,,,,,,,,,,,,,,,,,,,,,,,,,,,,,,,,,,,,,,,,,,,,,,,,,,,,,,,,,,,,,,,,,,,,,,,,,,,,,,,,,,,,,,,,,,,,,,,,,,,,,,,,,,,,,,,,,,,,,,,,,
HA5_3AA,Pinner,,Churchyard,13451,384-MONO-SNR18-HPF12000,14:00:00,23/07/2013,11:30:00,30/07/2013,19.9,14.0,29.5,512392,189681,51.594775,-0.37884861,,,,,,,2763,Several heavy rain events throughout week,,,,,,,,,,,,,,,,,,,,,,,,,,,,,,,,,,,,,,,,,,,,,,,,,,,,,,,*,,,,,,,,,,,,,,,,,,,,,,,,,,,,,,,,,,,,,,,,,,,,,,,,,,,,,,,,,,,,,,,,,,,,,,,,,,,,,,,,,,,,,,,,,,,,,,,,,,,,,,,,,,,,,,,,,,,,,,,,,,,,,,,,,,,,,,,,,,,,,,,,,,,,,,,,,,,,,,,,,,,,,,,,,,,,,,,,,,,,,,,,,,,,,,,,,,,,,,,,,,,,,,,,,,,,,
HA5_3AA,Pinner,,Churchyard,13548,SM2-24000-29-1-CONTIN,14:00:00,23/07/2013,11:30:00,30/07/2013,,,,,,,,,,,,,,,Several heavy rain events throughout week,,,,,,,,,,,,,,,,,,,,,,,,,,,,,,,,,,,,,,,,,,,,,,,,,,,,,,,*,,,,,,,,,,,,,,,,,,,,,,,,,,,,,,,,,,,,,,,,,,,,,,,,,,,,,,,,,,,,,,,,,,,,,,,,,,,,,,,,,,,,,,,,,,,,,,,,,,,,,,,,,,,,,,,,,,,,,,,,,,,,,,,,,,,,,,,,,,,,,,,,,,,,,,,,,,,,,,,,,,,,,,,,,,,,,,,,,,,,,,,,,,,,,,,,,,,,,,,,,,,,,,,,,,,,,
SW11_2PN,Battersea,,Churchyard,11944,192-MONO-SNR12-HPF12000,15:00,16/08/2013,15:00:00,23/08/2013,19.2,13.5,30.5,,,,,,,,,,,503,Changed configuration,,,,,,,,,,,,,,,,,,,,,,,,,,,,,,,,,,,,,,,,,,,,,,,,,,,,,,,,,,,,,,,,,,,,,,,,,,,,*,,,,,,,,,,,,,,,,,,,,,,,,,,,,,,,,,,,,,,,,,,,,,,,,,,,,,,,,,,,,,,,,,,,,,,,,,,,,,,,,,,,,,,,,,,,,,,,,,,,,,,,,,,,,,,,,,,,,,,,,,,,,,,,,,,,,,,,,,,,,,,,,,,,,,,,,,,,,,,,,,,,,,,,,,,,,,,,,,,,,,,,,,,,,,,,,
SW11_2PN,Battersea,,Churchyard,13527,SM2-44100-29-1-CONTIN,15:00,16/08/2013,15:00:00,23/08/2013,,,,,,,,,,,,,,,Changed configuration,,,,,,,,,,,,,,,,,,,,,,,,,,,,,,,,,,,,,,,,,,,,,,,,,,,,,,,,,,,,,,,,,,,,,,,,,,,,*,,,,,,,,,,,,,,,,,,,,,,,,,,,,,,,,,,,,,,,,,,,,,,,,,,,,,,,,,,,,,,,,,,,,,,,,,,,,,,,,,,,,,,,,,,,,,,,,,,,,,,,,,,,,,,,,,,,,,,,,,,,,,,,,,,,,,,,,,,,,,,,,,,,,,,,,,,,,,,,,,,,,,,,,,,,,,,,,,,,,,,,,,,,,,,,,
SE23,One_Tree_Hill,,Churchyard,11944,192-MONO-SNR12-HPF12000,18:00:00,06/09/2013,18:00:00,13/09/2013,13.3,9.0,21.0,,,,,,,,,,,1173,Rainy week. Change of weather. Microphones very wet on collection,,,,,,,,,,,,,,,,,,,,,,,,,,,,,,,,,,,,,,,,,,,,,,,,,,,,,,,,,,,,,,,,,,,,,,,,,,,,,,,,,,,,,,,,,,,,,,,,,*,,,,,,,,,,,,,,,,,,,,,,,,,,,,,,,,,,,,,,,,,,,,,,,,,,,,,,,,,,,,,,,,,,,,,,,,,,,,,,,,,,,,,,,,,,,,,,,,,,,,,,,,,,,,,,,,,,,,,,,,,,,,,,,,,,,,,,,,,,,,,,,,,,,,,,,,,,,,,,,,,,,,,,,,,,,
SE23,One_Tree_Hill,,Churchyard,13527,SM2-44100-29-1-CONTIN,18:00:00,06/09/2013,18:00:00,13/09/2013,,,,,,,,,,,,,,,Rainy week. Change of weather.  Microphones very wet on collection,,,,,,,,,,,,,,,,,,,,,,,,,,,,,,,,,,,,,,,,,,,,,,,,,,,,,,,,,,,,,,,,,,,,,,,,,,,,,,,,,,,,,,,,,,,,,,,,,*,,,,,,,,,,,,,,,,,,,,,,,,,,,,,,,,,,,,,,,,,,,,,,,,,,,,,,,,,,,,,,,,,,,,,,,,,,,,,,,,,,,,,,,,,,,,,,,,,,,,,,,,,,,,,,,,,,,,,,,,,,,,,,,,,,,,,,,,,,,,,,,,,,,,,,,,,,,,,,,,,,,,,,,,,,,
SE3,Lee,,Churchyard,13451,192-MONO-SNR12-HPF12000,15:00:00,06/09/2013,18:00:00,13/09/2013,13.6,9.0,19.0,,,,,,,,,,,255,Rainy week. Change of weather.  Microphones damp on collection,,,,,,,,,,,,,,,,,,,,,,,,,,,,,,,,,,,,,,,,,,,,,,,,,,,,,,,,,,,,,,,,,,,,,,,,,,,,,,,,,,,,,,,,,,,,,,,,,*,,,,,,,,,,,,,,,,,,,,,,,,,,,,,,,,,,,,,,,,,,,,,,,,,,,,,,,,,,,,,,,,,,,,,,,,,,,,,,,,,,,,,,,,,,,,,,,,,,,,,,,,,,,,,,,,,,,,,,,,,,,,,,,,,,,,,,,,,,,,,,,,,,,,,,,,,,,,,,,,,,,,,,,,,,,
SE3,Lee,,Churchyard,13548,SM2-44100-29-1-CONTIN,15:00:00,06/09/2013,18:00:00,13/09/2013,,,,,,,,,,,,,,,Rainy week. Change of weather.  Microphones damp on collection,,,,,,,,,,,,,,,,,,,,,,,,,,,,,,,,,,,,,,,,,,,,,,,,,,,,,,,,,,,,,,,,,,,,,,,,,,,,,,,,,,,,,,,,,,,,,,,,,*,,,,,,,,,,,,,,,,,,,,,,,,,,,,,,,,,,,,,,,,,,,,,,,,,,,,,,,,,,,,,,,,,,,,,,,,,,,,,,,,,,,,,,,,,,,,,,,,,,,,,,,,,,,,,,,,,,,,,,,,,,,,,,,,,,,,,,,,,,,,,,,,,,,,,,,,,,,,,,,,,,,,,,,,,,,
CR8,Croydon,,Churchyard,13451,192-MONO-SNR12-HPF12000,18:00:00,15/09/2013,13:30:00,22/09/2013,12.5,8.0,20.5,,,,,,,,,,,432,Lots of athrpohony due to proximity to road,,,,,,,,,,,,,,,,,,,,,,,,,,,,,,,,,,,,,,,,,,,,,,,,,,,,,,,,,,,,,,,,,,,,,,,,,,,,,,,,,,,,,,,,,,,,,,,,,,,,,,,,,,,,,,,*,,,,,,,,,,,,,,,,,,,,,,,,,,,,,,,,,,,,,,,,,,,,,,,,,,,,,,,,,,,,,,,,,,,,,,,,,,,,,,,,,,,,,,,,,,,,,,,,,,,,,,,,,,,,,,,,,,,,,,,,,,,,,,,,,,,,,,,,,,,,,,,,,,,,,,,,,,,,,
CR8,Croydon,,Churchyard,13548,SM2-44100-29-1-CONTIN,18:00:00,15/09/2013,13:30:00,22/09/2013,,,,,,,,,,,,,,,Lots of athrpohony due to proximity to road,,,,,,,,,,,,,,,,,,,,,,,,,,,,,,,,,,,,,,,,,,,,,,,,,,,,,,,,,,,,,,,,,,,,,,,,,,,,,,,,,,,,,,,,,,,,,,,,,,,,,,,,,,,,,,,*,,,,,,,,,,,,,,,,,,,,,,,,,,,,,,,,,,,,,,,,,,,,,,,,,,,,,,,,,,,,,,,,,,,,,,,,,,,,,,,,,,,,,,,,,,,,,,,,,,,,,,,,,,,,,,,,,,,,,,,,,,,,,,,,,,,,,,,,,,,,,,,,,,,,,,,,,,,,,
CR0_5EF,Shirley,,Churchyard,11944,192-MONO-SNR12-HPF12000,18:00:00,15/09/2013,13:00:00,22/09/2013,12.6,7.5,20.5,,,,,,,,,,,429,,,,,,,,,,,,,,,,,,,,,,,,,,,,,,,,,,,,,,,,,,,,,,,,,,,,,,,,,,,,,,,,,,,,,,,,,,,,,,,,,,,,,,,,,,,,,,,,,,,,,,,,,,,,,,,,*,,,,,,,,,,,,,,,,,,,,,,,,,,,,,,,,,,,,,,,,,,,,,,,,,,,,,,,,,,,,,,,,,,,,,,,,,,,,,,,,,,,,,,,,,,,,,,,,,,,,,,,,,,,,,,,,,,,,,,,,,,,,,,,,,,,,,,,,,,,,,,,,,,,,,,,,,,,,,
CR0_5EF,Shirley,,Churchyard,13527,SM2-44100-29-1-CONTIN,18:00:00,15/09/2013,13:00:00,22/09/2013,,,,,,,,,,,,,,,,,,,,,,,,,,,,,,,,,,,,,,,,,,,,,,,,,,,,,,,,,,,,,,,,,,,,,,,,,,,,,,,,,,,,,,,,,,,,,,,,,,,,,,,,,,,,,,,,,,,,,,,,,,,,,,*,,,,,,,,,,,,,,,,,,,,,,,,,,,,,,,,,,,,,,,,,,,,,,,,,,,,,,,,,,,,,,,,,,,,,,,,,,,,,,,,,,,,,,,,,,,,,,,,,,,,,,,,,,,,,,,,,,,,,,,,,,,,,,,,,,,,,,,,,,,,,,,,,,,,,,,,,,,,,
E4_7EN,Chingford,,Churchyard,,192-MONO-SNR12-HPF12000,13:00:00,06/10/2013,19:00:00,13/10/2013,12.3,7.0,22.0,,,,,,,,,,,531,Temperature dropped to ~13 degrees on 9/10/2013,,,,,,,,,,,,,,,,,,,,,,,,,,,,,,,,,,,,,,,,,,,,,,,,,,,,,,,,,,,,,,,,,,,,,,,,,,,,,,,,,,,,,,,,,,,,,,,,,,,,,,,,,,,,,,,,,,,,,,,,,,,,,,,,,,,,*,,,,,,,,,,,,,,,,,,,,,,,,,,,,,,,,,,,,,,,,,,,,,,,,,,,,,,,,,,,,,,,,,,,,,,,,,,,,,,,,,,,,,,,,,,,,,,,,,,,,,,,,,,,,,,,,,,,,,,,,,,,,,,,,,,,,,,,,
E4_7EN,Chingford,,Churchyard,,SM2-44100-29-1-CONTIN,13:00:00,06/10/2013,19:00:00,13/10/2013,,,,,,,,,,,,,,,Temperature dropped to ~13 degrees on 9/10/2013,,,,,,,,,,,,,,,,,,,,,,,,,,,,,,,,,,,,,,,,,,,,,,,,,,,,,,,,,,,,,,,,,,,,,,,,,,,,,,,,,,,,,,,,,,,,,,,,,,,,,,,,,,,,,,,,,,,,,,,,,,,,,,,,,,,,*,,,,,,,,,,,,,,,,,,,,,,,,,,,,,,,,,,,,,,,,,,,,,,,,,,,,,,,,,,,,,,,,,,,,,,,,,,,,,,,,,,,,,,,,,,,,,,,,,,,,,,,,,,,,,,,,,,,,,,,,,,,,,,,,,,,,,,,,
E10_5JP,Leyton,,Churchyard,,192-MONO-SNR12-HPF12000,15:00:00,06/10/2013,18:30:00,13/10/2013,12.7,9.0,17.0,,,,,,,,,,,1267,Temperature dropped to ~13 degrees on 9/10/2013,,,,,,,,,,,,,,,,,,,,,,,,,,,,,,,,,,,,,,,,,,,,,,,,,,,,,,,,,,,,,,,,,,,,,,,,,,,,,,,,,,,,,,,,,,,,,,,,,,,,,,,,,,,,,,,,,,,,,,,,,,,,,,,,,,,,*,,,,,,,,,,,,,,,,,,,,,,,,,,,,,,,,,,,,,,,,,,,,,,,,,,,,,,,,,,,,,,,,,,,,,,,,,,,,,,,,,,,,,,,,,,,,,,,,,,,,,,,,,,,,,,,,,,,,,,,,,,,,,,,,,,,,,,,,
E10_5JP,Leyton,,Churchyard,,SM2-44100-29-1-CONTIN,15:00:00,06/10/2013,18:30:00,13/10/2013,,,,,,,,,,,,,,,Temperature dropped to ~13 degrees on 9/10/2013,,,,,,,,,,,,,,,,,,,,,,,,,,,,,,,,,,,,,,,,,,,,,,,,,,,,,,,,,,,,,,,,,,,,,,,,,,,,,,,,,,,,,,,,,,,,,,,,,,,,,,,,,,,,,,,,,,,,,,,,,,,,,,,,,,,,*,,,,,,,,,,,,,,,,,,,,,,,,,,,,,,,,,,,,,,,,,,,,,,,,,,,,,,,,,,,,,,,,,,,,,,,,,,,,,,,,,,,,,,,,,,,,,,,,,,,,,,,,,,,,,,,,,,,,,,,,,,,,,,,,,,,,,,,,
SE1_2RT_7,PriceWaterhouseCooper_7thFloor,"More London, Riverside, London, SE1 2RT",GreenRoof,11944,192-MONO-SNR12-HPF12000,11:00:00,19/05/2014,12:30:00,27/05/2014,,,,533252,180122,51.30.16N,0.4.53W,30:N: 702542.006,5709953.088,84,,,,,Only one 32 GB card in detector. Dead on collection.,,,,,,,,,,,,,,,,,,,,,,,,,,,,,,,,,,,,,,,,,,,,,,,,,,,,,,,,,,,,,,,,,,,,,,,,,,,,,,,,,,,,,,,,,,,,,,,,,,,,,,,,,,,,,,,,,,,,,,,,,,,,,,,,,,,,,,,,,,,,,,,,,,,,,,,,,,,,,,,,,,,,,,,,,,,,,,,,,,,,,,,,,,,,,,,,,,,,,,,,,,,,,,,,,,,,,,,,,,,,,,,,,,,,,,,,,,,,,,,,,,,,,,,,,,,,,,,,,,,,,,,,,,,,
SE1_2RT_7,PriceWaterhouseCooper_7thFloor,"More London, Riverside, London, SE1 2RT",GreenRoof,13534,SM2-44100-29-1-CONTIN,11:00:00,19/05/2014,12:30:00,27/05/2014,,,,533252,180122,51.30.16N,0.4.53W,30:N: 702542.006,5709953.088,84,,,,,,,,,,,,,,,,,,,,,,,,,,,,,,,,,,,,,,,,,,,,,,,,,,,,,,,,,,,,,,,,,,,,,,,,,,,,,,,,,,,,,,,,,,,,,,,,,,,,,,,,,,,,,,,,,,,,,,,,,,,,,,,,,,,,,,,,,,,,,,,,,,,,,,,,,,,,,,,,,,,,,,,,,,,,,,,,,,,,,,,,,,,,,,,,,,,,,,,,,,,,,,,,,,,,,,,,,,,,,,,,,,,,,,,,,,,,,,,,,,,,,,,,,,,,,,,,,,,,,,,,,,,,,,,,,
SE1_2RT_10,PriceWaterhouseCooper_10thFloor,"More London, Riverside, London, SE1 2RT",GreenRoof,13451,192-MONO-SNR12-HPF12000,11:00:00,19/05/2014,12:30:00,27/05/2014,,,,533314,180158,51.30.16N,0.4.50W,30:N: 702603.178,5709982.514,51,,,,,,,,,,,,,,,,,,,,,,,,,,,,,,,,,,,,,,,,,,,,,,,,,,,,,,,,,,,,,,,,,,,,,,,,,,,,,,,,,,,,,,,,,,,,,,,,,,,,,,,,,,,,,,,,,,,,,,,,,,,,,,,,,,,,,,,,,,,,,,,,,,,,,,,,,,,,,,,,,,,,,,,,,,,,,,,,,,,,,,,,,,,,,,,,,,,,,,,,,,,,,,,,,,,,,,,,,,,,,,,,,,,,,,,,,,,,,,,,,,,,,,,,,,,,,,,,,,,,,,,,,,,,,,,,,
SE1_2RT_10,PriceWaterhouseCooper_10thFloor,"More London, Riverside, London, SE1 2RT",GreenRoof,13548,SM2-44100-29-1-CONTIN,11:00:00,19/05/2014,12:30:00,27/05/2014,,,,533314,180158,51.30.16N,0.4.50W,30:N: 702603.178,5709982.514,51,,,,,,,,,,,,,,,,,,,,,,,,,,,,,,,,,,,,,,,,,,,,,,,,,,,,,,,,,,,,,,,,,,,,,,,,,,,,,,,,,,,,,,,,,,,,,,,,,,,,,,,,,,,,,,,,,,,,,,,,,,,,,,,,,,,,,,,,,,,,,,,,,,,,,,,,,,,,,,,,,,,,,,,,,,,,,,,,,,,,,,,,,,,,,,,,,,,,,,,,,,,,,,,,,,,,,,,,,,,,,,,,,,,,,,,,,,,,,,,,,,,,,,,,,,,,,,,,,,,,,,,,,,,,,,,,,
SW1W_0QP,Rubens_Hotel,,GreenWall,13534,192-MONO-SNR12-HPF12000,11:00:00,30/05/2014,09:30:00,06/06/2014,,,,528874,179112,51.496268,-0.144893,,,274,10,,,,,,,,,,,,,,,,,,,,,,,,,,,,,,,,,,,,,,,,,,,,,,,,,,,,,,,,,,,,,,,,,,,,,,,,,,,,,,,,,,,,,,,,,,,,,,,,,,,,,,,,,,,,,,,,,,,,,,,,,,,,,,,,,,,,,,,,,,,,,,,,,,,,,,,,,,,,,,,,,,,,,,,,,,,,,,,,,,,,,,,,,,,,,,,,,,,,,,,,,,,,,,,,,,,,,,,,,,,,,,,,,,,,,,,,,,,,,,,,,,,,,,,,,,,,,,,,,,,,,,,,,,,,,,,,
SW1W_0QP,Rubens_Hotel,,GreenWall,13451,SM2-44100-29-1-CONTIN,11:00:00,30/05/2014,09:30:00,06/06/2014,,,,528874,179112,51.496268,-0.144893,,,274,10,,,,,,,,,,,,,,,,,,,,,,,,,,,,,,,,,,,,,,,,,,,,,,,,,,,,,,,,,,,,,,,,,,,,,,,,,,,,,,,,,,,,,,,,,,,,,,,,,,,,,,,,,,,,,,,,,,,,,,,,,,,,,,,,,,,,,,,,,,,,,,,,,,,,,,,,,,,,,,,,,,,,,,,,,,,,,,,,,,,,,,,,,,,,,,,,,,,,,,,,,,,,,,,,,,,,,,,,,,,,,,,,,,,,,,,,,,,,,,,,,,,,,,,,,,,,,,,,,,,,,,,,,,,,,,,,
SW1E_6BN,SW1_Gallery,,GreenRoof,11944,192-MONO-SNR12-HPF12000,11:00:00,30/05/2014,10:00:00,06/06/2014,,,,529113,179322,51.498101,-0.141375,,,170,13,,,,Battery had died.,,,,,,,,,,,,,,,,,,,,,,,,,,,,,,,,,,,,,,,,,,,,,,,,,,,,,,,,,,,,,,,,,,,,,,,,,,,,,,,,,,,,,,,,,,,,,,,,,,,,,,,,,,,,,,,,,,,,,,,,,,,,,,,,,,,,,,,,,,,,,,,,,,,,,,,,,,,,,,,,,,,,,,,,,,,,,,,,,,,,,,,,,,,,,,,,,,,,,,,,,,,,,,,,,,,,,,,,,,,,,,,,,,,,,,,,,,,,,,,,,,,,,,,,,,,,,,,,,,,,,,,,,,,,
SW1E_6BN,SW1_Gallery,,GreenRoof,13548,SM2-44100-29-1-CONTIN,11:00:00,30/05/2014,10:00:00,06/06/2014,,,,529113,179322,51.498101,-0.141375,,,170,13,,,,,,,,,,,,,,,,,,,,,,,,,,,,,,,,,,,,,,,,,,,,,,,,,,,,,,,,,,,,,,,,,,,,,,,,,,,,,,,,,,,,,,,,,,,,,,,,,,,,,,,,,,,,,,,,,,,,,,,,,,,,,,,,,,,,,,,,,,,,,,,,,,,,,,,,,,,,,,,,,,,,,,,,,,,,,,,,,,,,,,,,,,,,,,,,,,,,,,,,,,,,,,,,,,,,,,,,,,,,,,,,,,,,,,,,,,,,,,,,,,,,,,,,,,,,,,,,,,,,,,,,,,,,,,,,
SE11_6DN,Roots_Shoots,"Walnut Tree Walk, Kennington, SE11 6DN",GreenRoof,13451,192-MONO-SNR12-HPF12000,11:00:00,11/06/2014,14:00:00,20/06/2014,,,,531167,178821,51.493128,-0.11199296,,,101,8,,,,Battery died by 02:29 on 17/06,,,,,,,,,,,,,,,,,,,,,,,,,,,,,,,,,,,,,,,,,,,,,,,,,,,,,,,,,,,,,,,,,,,,,,,,,,,,,,,,,,,,,,,,,,,,,,,,,,,,,,,,,,,,,,,,,,,,,,,,,,,,,,,,,,,,,,,,,,,,,,,,,,,,,,,,,,,,,,,,,,,,,,,,,,,,,,,,,,,,,,,,,,,,,,,,,,,,,,,,,,,,,,,,,,,,,,,,,,,,,,,,,,,,,,,,,,,,,,,,,,,,,,,,,,,,,,,,,,,,,,,,,,,,
SE11_6DN,Roots_Shoots,"Walnut Tree Walk, Kennington, SE11 6DN",GreenRoof,13548,SM2-44100-29-1-CONTIN,11:00:00,11/06/2014,14:00:00,20/06/2014,,,,531167,178821,51.493128,-0.11199296,,,101,8,,,,Cards full by 18:30 on 19/06,,,,,,,,,,,,,,,,,,,,,,,,,,,,,,,,,,,,,,,,,,,,,,,,,,,,,,,,,,,,,,,,,,,,,,,,,,,,,,,,,,,,,,,,,,,,,,,,,,,,,,,,,,,,,,,,,,,,,,,,,,,,,,,,,,,,,,,,,,,,,,,,,,,,,,,,,,,,,,,,,,,,,,,,,,,,,,,,,,,,,,,,,,,,,,,,,,,,,,,,,,,,,,,,,,,,,,,,,,,,,,,,,,,,,,,,,,,,,,,,,,,,,,,,,,,,,,,,,,,,,,,,,,,,
SE4_1SA,Prendergast,"Prendergast-Hilly Fields College, Hilly Fields, Adelaide Avenue, London, SE4 1LE",GreenRoof,11944,192-MONO-SNR12-HPF12000,13:00:00,20/06/2014,11:00,30/06/2014,,,,537136,175088,51.458165,-0.027507395,,,175,35,18 months,Sedum,,Microphones had moved to the right due to failure of the velcro.,,,,,,,,,,,,,,,,,,,,,,,,,,,,,,,,,,,,,,,,,,,,,,,,,,,,,,,,,,,,,,,,,,,,,,,,,,,,,,,,,,,,,,,,,,,,,,,,,,,,,,,,,,,,,,,,,,,,,,,,,,,,,,,,,,,,,,,,,,,,,,,,,,,,,,,,,,,,,,,,,,,,,,,,,,,,,,,,,,,,,,,,,,,,,,,,,,,,,,,,,,,,,,,,,,,,,,,,,,,,,,,,,,,,,,,,,,,,,,,,,,,,,,,,,,,,,,,,,,,,,,,,,,,,
SE4_1SA,Prendergast,"Prendergast-Hilly Fields College, Hilly Fields, Adelaide Avenue, London, SE4 1LE",GreenRoof,13534,SM2-44100-29-1-CONTIN,13:00:00,20/06/2014,11:00,30/06/2014,,,,537136,175088,51.458165,-0.027507395,,,175,35,18 months,Sedum,,Microphones had moved to the right due to failure of the velcro.,,,,,,,,,,,,,,,,,,,,,,,,,,,,,,,,,,,,,,,,,,,,,,,,,,,,,,,,,,,,,,,,,,,,,,,,,,,,,,,,,,,,,,,,,,,,,,,,,,,,,,,,,,,,,,,,,,,,,,,,,,,,,,,,,,,,,,,,,,,,,,,,,,,,,,,,,,,,,,,,,,,,,,,,,,,,,,,,,,,,,,,,,,,,,,,,,,,,,,,,,,,,,,,,,,,,,,,,,,,,,,,,,,,,,,,,,,,,,,,,,,,,,,,,,,,,,,,,,,,,,,,,,,,,
WC2N_6RH,PWC_Embankment,"1 Embankment Place, London, WC2N 6RH",GreenRoof,13378,MINUS-THURS-16-22-192-MONO-SNR12-HPF12000,16:00:00,01/07/2014,04:00,10/07/2014,,,,530302,180349,51.507056,-0.12387514,,,101,12,,,,No recording 03/07/14 16:00-22:00 due to function on roof,,,,,,,,,,,,,,,,,,,,,,,,,,,,,,,,,,,,,,,,,,,,,,,,,,,,,,,,,,,,,,,,,,,,,,,,,,,,,,,,,,,,,,,,,,,,,,,,,,,,,,,,,,,,,,,,,,,,,,,,,,,,,,,,,,,,,,,,,,,,,,,,,,,,,,,,,,,,,,,,,,,,,,,,,,,,,,,,,,,,,,,,,,,,,,,,,,,,,,,,,,,,,,,,,,,,,,,,,,,,,,,,,,,,,,,,,,,,,,,,,,,,,,,,,,,,,,,,,,,,,,,,,,,,
WC2N_6RH,PWC_Embankment,"1 Embankment Place, London, WC2N 6RH",GreenRoof,13548,MINUS-THURS-16-22-SM2-44100-29-1-CONTIN,16:00:00,01/07/2014,08:10:35,09/07/2014,,,,530302,180349,51.507056,-0.12387514,,,101,12,,,,No recording 03/07/14 16:00-22:00 due to function on roof,,,,,,,,,,,,,,,,,,,,,,,,,,,,,,,,,,,,,,,,,,,,,,,,,,,,,,,,,,,,,,,,,,,,,,,,,,,,,,,,,,,,,,,,,,,,,,,,,,,,,,,,,,,,,,,,,,,,,,,,,,,,,,,,,,,,,,,,,,,,,,,,,,,,,,,,,,,,,,,,,,,,,,,,,,,,,,,,,,,,,,,,,,,,,,,,,,,,,,,,,,,,,,,,,,,,,,,,,,,,,,,,,,,,,,,,,,,,,,,,,,,,,,,,,,,,,,,,,,,,,,,,,,,,
CR0_1SG,Central_Croydon,,Churchyard,13451,192-MONO-SNR12-HPF12000,11:00:00,02/07/2014,15:00,09/07/2014,,,,531927,165384,51.372196,-0.10604382,,,283,,,,,,,,,,,,,,,,,,,,,,,,,,,,,,,,,,,,,,,,,,,,,,,,,,,,,,,,,,,,,,,,,,,,,,,,,,,,,,,,,,,,,,,,,,,,,,,,,,,,,,,,,,,,,,,,,,,,,,,,,,,,,,,,,,,,,,,,,,,,,,,,,,,,,,,,,,,,,,,,,,,,,,,,,,,,,,,,,,,,,,,,,,,,,,,,,,,,,,,,,,,,,,,,,,,,,,,,,,,,,,,,,,,,,,,,,,,,,,,,,,,,,,,,,,,,,,,,,,,,,,,,,,,,,,,,,
CR0_1SG,Central_Croydon,,Churchyard,11881,SM2-44100-29-1-CONTIN,11:00:00,02/07/2014,15:00,09/07/2014,,,,531927,165384,51.372196,-0.10604382,,,283,,,,,,,,,,,,,,,,,,,,,,,,,,,,,,,,,,,,,,,,,,,,,,,,,,,,,,,,,,,,,,,,,,,,,,,,,,,,,,,,,,,,,,,,,,,,,,,,,,,,,,,,,,,,,,,,,,,,,,,,,,,,,,,,,,,,,,,,,,,,,,,,,,,,,,,,,,,,,,,,,,,,,,,,,,,,,,,,,,,,,,,,,,,,,,,,,,,,,,,,,,,,,,,,,,,,,,,,,,,,,,,,,,,,,,,,,,,,,,,,,,,,,,,,,,,,,,,,,,,,,,,,,,,,,,,,,
CR8,New_Addington,,Churchyard,11944,192-MONO-SNR12-HPF12000,11:00:00,02/07/2014,15:00,09/07/2014,,,,538526,161902,51.339336,-0.012657344,,,214,,,,,,,,,,,,,,,,,,,,,,,,,,,,,,,,,,,,,,,,,,,,,,,,,,,,,,,,,,,,,,,,,,,,,,,,,,,,,,,,,,,,,,,,,,,,,,,,,,,,,,,,,,,,,,,,,,,,,,,,,,,,,,,,,,,,,,,,,,,,,,,,,,,,,,,,,,,,,,,,,,,,,,,,,,,,,,,,,,,,,,,,,,,,,,,,,,,,,,,,,,,,,,,,,,,,,,,,,,,,,,,,,,,,,,,,,,,,,,,,,,,,,,,,,,,,,,,,,,,,,,,,,,,,,,,,,
CR8,New_Addington,,Churchyard,13534,SM2-44100-29-1-CONTIN,11:00:00,02/07/2014,15:00,09/07/2014,,,,538526,161902,51.339336,-0.012657344,,,214,,,,,,,,,,,,,,,,,,,,,,,,,,,,,,,,,,,,,,,,,,,,,,,,,,,,,,,,,,,,,,,,,,,,,,,,,,,,,,,,,,,,,,,,,,,,,,,,,,,,,,,,,,,,,,,,,,,,,,,,,,,,,,,,,,,,,,,,,,,,,,,,,,,,,,,,,,,,,,,,,,,,,,,,,,,,,,,,,,,,,,,,,,,,,,,,,,,,,,,,,,,,,,,,,,,,,,,,,,,,,,,,,,,,,,,,,,,,,,,,,,,,,,,,,,,,,,,,,,,,,,,,,,,,,,,,,
RM2_5EL,Gidea_Park,,Churchyard,11944,192-MONO-SNR12-HPF12000,12:00:00,10/07/2014,12:30,17/07/2014,,,,552633,189949,51.58773,0.20181745,,,227,,,,,,,,,,,,,,,,,,,,,,,,,,,,,,,,,,,,,,,,,,,,,,,,,,,,,,,,,,,,,,,,,,,,,,,,,,,,,,,,,,,,,,,,,,,,,,,,,,,,,,,,,,,,,,,,,,,,,,,,,,,,,,,,,,,,,,,,,,,,,,,,,,,,,,,,,,,,,,,,,,,,,,,,,,,,,,,,,,,,,,,,,,,,,,,,,,,,,,,,,,,,,,,,,,,,,,,,,,,,,,,,,,,,,,,,,,,,,,,,,,,,,,,,,,,,,,,,,,,,,,,,,,,,,,,,,
RM2_5EL,Gidea_Park,,Churchyard,13534,SM2-44100-29-1-CONTIN,12:00:00,10/07/2014,12:30,17/07/2014,,,,552633,189949,51.58773,0.20181745,,,227,,,,,,,,,,,,,,,,,,,,,,,,,,,,,,,,,,,,,,,,,,,,,,,,,,,,,,,,,,,,,,,,,,,,,,,,,,,,,,,,,,,,,,,,,,,,,,,,,,,,,,,,,,,,,,,,,,,,,,,,,,,,,,,,,,,,,,,,,,,,,,,,,,,,,,,,,,,,,,,,,,,,,,,,,,,,,,,,,,,,,,,,,,,,,,,,,,,,,,,,,,,,,,,,,,,,,,,,,,,,,,,,,,,,,,,,,,,,,,,,,,,,,,,,,,,,,,,,,,,,,,,,,,,,,,,,,
RM4_1LD,Noak_Hill,,Churchyard,13451,192-MONO-SNR12-HPF12000,13:00:00,10/07/2014,10:00,17/07/2014,,,,554042,193972,51.623489,0.22390413,,,332,,,,,,,,,,,,,,,,,,,,,,,,,,,,,,,,,,,,,,,,,,,,,,,,,,,,,,,,,,,,,,,,,,,,,,,,,,,,,,,,,,,,,,,,,,,,,,,,,,,,,,,,,,,,,,,,,,,,,,,,,,,,,,,,,,,,,,,,,,,,,,,,,,,,,,,,,,,,,,,,,,,,,,,,,,,,,,,,,,,,,,,,,,,,,,,,,,,,,,,,,,,,,,,,,,,,,,,,,,,,,,,,,,,,,,,,,,,,,,,,,,,,,,,,,,,,,,,,,,,,,,,,,,,,,,,,,
RM4_1LD,Noak_Hill,,Churchyard,11881,SM2-44100-29-1-CONTIN,13:00:00,10/07/2014,10:00,17/07/2014,,,,554042,193972,51.623489,0.22390413,,,332,,,,,,,,,,,,,,,,,,,,,,,,,,,,,,,,,,,,,,,,,,,,,,,,,,,,,,,,,,,,,,,,,,,,,,,,,,,,,,,,,,,,,,,,,,,,,,,,,,,,,,,,,,,,,,,,,,,,,,,,,,,,,,,,,,,,,,,,,,,,,,,,,,,,,,,,,,,,,,,,,,,,,,,,,,,,,,,,,,,,,,,,,,,,,,,,,,,,,,,,,,,,,,,,,,,,,,,,,,,,,,,,,,,,,,,,,,,,,,,,,,,,,,,,,,,,,,,,,,,,,,,,,,,,,,,,,
SE22_0SD,East_Dulwich,"60 Therapia Road, East Dulwich, SE22 0SD",GreenRoof,9671,192-MONO-SNR12-HPF12000,11:00:00,28/07/2014,10:00,04/08/2014,,,,535183,174496,51.453316,-0.055825226,,,349,45,,,,,,,,,,,,,,,,,,,,,,,,,,,,,,,,,,,,,,,,,,,,,,,,,,,,,,,,,,,,,,,,,,,,,,,,,,,,,,,,,,,,,,,,,,,,,,,,,,,,,,,,,,,,,,,,,,,,,,,,,,,,,,,,,,,,,,,,,,,,,,,,,,,,,,,,,,,,,,,,,,,,,,,,,,,,,,,,,,,,,,,,,,,,,,,,,,,,,,,,,,,,,,,,,,,,,,,,,,,,,,,,,,,,,,,,,,,,,,,,,,,,,,,,,,,,,,,,,,,,,,,,,,,,,,,,
SE22_0SD,East_Dulwich,"60 Therapia Road, East Dulwich, SE22 0SD",GreenRoof,13548,SM2-44100-29-1-CONTIN,11:00:00,28/07/2014,10:00,04/08/2014,,,,535183,174496,51.453316,-0.055825226,,,349,45,,,,,,,,,,,,,,,,,,,,,,,,,,,,,,,,,,,,,,,,,,,,,,,,,,,,,,,,,,,,,,,,,,,,,,,,,,,,,,,,,,,,,,,,,,,,,,,,,,,,,,,,,,,,,,,,,,,,,,,,,,,,,,,,,,,,,,,,,,,,,,,,,,,,,,,,,,,,,,,,,,,,,,,,,,,,,,,,,,,,,,,,,,,,,,,,,,,,,,,,,,,,,,,,,,,,,,,,,,,,,,,,,,,,,,,,,,,,,,,,,,,,,,,,,,,,,,,,,,,,,,,,,,,,,,,,
TW7_6BE,Isleworth,,Churchyard,13451,192-MONO-SNR12-HPF12000,11:00:00,30/07/2014,11:00,06/08/2014,,,,516794,176109,51.471901,-0.31981185,,,188,,,,,,,,,,,,,,,,,,,,,,,,,,,,,,,,,,,,,,,,,,,,,,,,,,,,,,,,,,,,,,,,,,,,,,,,,,,,,,,,,,,,,,,,,,,,,,,,,,,,,,,,,,,,,,,,,,,,,,,,,,,,,,,,,,,,,,,,,,,,,,,,,,,,,,,,,,,,,,,,,,,,,,,,,,,,,,,,,,,,,,,,,,,,,,,,,,,,,,,,,,,,,,,,,,,,,,,,,,,,,,,,,,,,,,,,,,,,,,,,,,,,,,,,,,,,,,,,,,,,,,,,,,,,,,,,,
TW7_6BE,Isleworth,,Churchyard,11881,SM2-44100-29-1-CONTIN,11:00:00,30/07/2014,11:00,06/08/2014,,,,516794,176109,51.471901,-0.31981185,,,188,,,,,,,,,,,,,,,,,,,,,,,,,,,,,,,,,,,,,,,,,,,,,,,,,,,,,,,,,,,,,,,,,,,,,,,,,,,,,,,,,,,,,,,,,,,,,,,,,,,,,,,,,,,,,,,,,,,,,,,,,,,,,,,,,,,,,,,,,,,,,,,,,,,,,,,,,,,,,,,,,,,,,,,,,,,,,,,,,,,,,,,,,,,,,,,,,,,,,,,,,,,,,,,,,,,,,,,,,,,,,,,,,,,,,,,,,,,,,,,,,,,,,,,,,,,,,,,,,,,,,,,,,,,,,,,,,
W4_2PH,Chiswick,,Churchyard,11944,192-MONO-SNR12-HPF12000,12:00:00,30/07/2014,10:00,06/08/2014,,,,521387,177460,51.48308,-0.25326222,,,292,,,,,,,,,,,,,,,,,,,,,,,,,,,,,,,,,,,,,,,,,,,,,,,,,,,,,,,,,,,,,,,,,,,,,,,,,,,,,,,,,,,,,,,,,,,,,,,,,,,,,,,,,,,,,,,,,,,,,,,,,,,,,,,,,,,,,,,,,,,,,,,,,,,,,,,,,,,,,,,,,,,,,,,,,,,,,,,,,,,,,,,,,,,,,,,,,,,,,,,,,,,,,,,,,,,,,,,,,,,,,,,,,,,,,,,,,,,,,,,,,,,,,,,,,,,,,,,,,,,,,,,,,,,,,,,,,
W4_2PH,Chiswick,,Churchyard,13534,SM2-44100-29-1-CONTIN,12:00:00,30/07/2014,10:00,06/08/2014,,,,521387,177460,51.48308,-0.25326222,,,292,,,,,,,,,,,,,,,,,,,,,,,,,,,,,,,,,,,,,,,,,,,,,,,,,,,,,,,,,,,,,,,,,,,,,,,,,,,,,,,,,,,,,,,,,,,,,,,,,,,,,,,,,,,,,,,,,,,,,,,,,,,,,,,,,,,,,,,,,,,,,,,,,,,,,,,,,,,,,,,,,,,,,,,,,,,,,,,,,,,,,,,,,,,,,,,,,,,,,,,,,,,,,,,,,,,,,,,,,,,,,,,,,,,,,,,,,,,,,,,,,,,,,,,,,,,,,,,,,,,,,,,,,,,,,,,,,
SE6,Catford,,Churchyard,,192-MONO-SNR12-HPF12000,12:00:00,19/08/2014,19:00,26/08/2014,,,,538377,171770,51.428044,-0.010948777,,,293,,,,,,,,,,,,,,,,,,,,,,,,,,,,,,,,,,,,,,,,,,,,,,,,,,,,,,,,,,,,,,,,,,,,,,,,,,,,,,,,,,,,,,,,,,,,,,,,,,,,,,,,,,,,,,,,,,,,,,,,,,,,,,,,,,,,,,,,,,,,,,,,,,,,,,,,,,,,,,,,,,,,,,,,,,,,,,,,,,,,,,,,,,,,,,,,,,,,,,,,,,,,,,,,,,,,,,,,,,,,,,,,,,,,,,,,,,,,,,,,,,,,,,,,,,,,,,,,,,,,,,,,,,,,,,,,,
SE6,Catford,,Churchyard,,SM2-44100-29-1-CONTIN,12:00:00,19/08/2014,19:00,26/08/2014,,,,538377,171770,51.428044,-0.010948777,,,293,,,,,,,,,,,,,,,,,,,,,,,,,,,,,,,,,,,,,,,,,,,,,,,,,,,,,,,,,,,,,,,,,,,,,,,,,,,,,,,,,,,,,,,,,,,,,,,,,,,,,,,,,,,,,,,,,,,,,,,,,,,,,,,,,,,,,,,,,,,,,,,,,,,,,,,,,,,,,,,,,,,,,,,,,,,,,,,,,,,,,,,,,,,,,,,,,,,,,,,,,,,,,,,,,,,,,,,,,,,,,,,,,,,,,,,,,,,,,,,,,,,,,,,,,,,,,,,,,,,,,,,,,,,,,,,,,
SE8_4EA,Deptford,,Churchyard,,192-MONO-SNR12-HPF12000,14:00:00,19/08/2014,08:00,27/08/2014,,,,537388,176235,51.468412,-0.023441166,,,321,,,,,Delete first hour of recording,,,,,,,,,,,,,,,,,,,,,,,,,,,,,,,,,,,,,,,,,,,,,,,,,,,,,,,,,,,,,,,,,,,,,,,,,,,,,,,,,,,,,,,,,,,,,,,,,,,,,,,,,,,,,,,,,,,,,,,,,,,,,,,,,,,,,,,,,,,,,,,,,,,,,,,,,,,,,,,,,,,,,,,,,,,,,,,,,,,,,,,,,,,,,,,,,,,,,,,,,,,,,,,,,,,,,,,,,,,,,,,,,,,,,,,,,,,,,,,,,,,,,,,,,,,,,,,,,,,,,,,,,,,,
SE8_4EA,Deptford,,Churchyard,,SM2-44100-29-1-CONTIN,14:00:00,19/08/2014,08:00,27/08/2014,,,,537388,176235,51.468412,-0.023441166,,,321,,,,,Delete first hour of recording,,,,,,,,,,,,,,,,,,,,,,,,,,,,,,,,,,,,,,,,,,,,,,,,,,,,,,,,,,,,,,,,,,,,,,,,,,,,,,,,,,,,,,,,,,,,,,,,,,,,,,,,,,,,,,,,,,,,,,,,,,,,,,,,,,,,,,,,,,,,,,,,,,,,,,,,,,,,,,,,,,,,,,,,,,,,,,,,,,,,,,,,,,,,,,,,,,,,,,,,,,,,,,,,,,,,,,,,,,,,,,,,,,,,,,,,,,,,,,,,,,,,,,,,,,,,,,,,,,,,,,,,,,,,
IG11_0FJ,Barking_Riverside,,GreenRoof,13378,192-MONO-SNR12-HPF12000,16:00:00,21/08/2014,10:00,01/09/2014,,,,546432,182305,51.520687,0.10918736,,,354,,,,,,,,,,,,,,,,,,,,,,,,,,,,,,,,,,,,,,,,,,,,,,,,,,,,,,,,,,,,,,,,,,,,,,,,,,,,,,,,,,,,,,,,,,,,,,,,,,,,,,,,,,,,,,,,,,,,,,,,,,,,,,,,,,,,,,,,,,,,,,,,,,,,,,,,,,,,,,,,,,,,,,,,,,,,,,,,,,,,,,,,,,,,,,,,,,,,,,,,,,,,,,,,,,,,,,,,,,,,,,,,,,,,,,,,,,,,,,,,,,,,,,,,,,,,,,,,,,,,,,,,,,,,,,,,,
IG11_0FJ,Barking_Riverside,,GreenRoof,13527,SM2-44100-29-1-CONTIN,16:00:00,21/08/2014,10:00,01/09/2014,,,,546432,182305,51.520687,0.10918736,,,354,,,,,,,,,,,,,,,,,,,,,,,,,,,,,,,,,,,,,,,,,,,,,,,,,,,,,,,,,,,,,,,,,,,,,,,,,,,,,,,,,,,,,,,,,,,,,,,,,,,,,,,,,,,,,,,,,,,,,,,,,,,,,,,,,,,,,,,,,,,,,,,,,,,,,,,,,,,,,,,,,,,,,,,,,,,,,,,,,,,,,,,,,,,,,,,,,,,,,,,,,,,,,,,,,,,,,,,,,,,,,,,,,,,,,,,,,,,,,,,,,,,,,,,,,,,,,,,,,,,,,,,,,,,,,,,,,
SW15_4JY,Putney_Cottage,,GreenRoof,,192-MONO-SNR12-HPF12000,11:00:00,27/08/2014,10:00,03/09/2014,,,,522494,173819,51.450117,-0.23859054,,,358,,,,,,,,,,,,,,,,,,,,,,,,,,,,,,,,,,,,,,,,,,,,,,,,,,,,,,,,,,,,,,,,,,,,,,,,,,,,,,,,,,,,,,,,,,,,,,,,,,,,,,,,,,,,,,,,,,,,,,,,,,,,,,,,,,,,,,,,,,,,,,,,,,,,,,,,,,,,,,,,,,,,,,,,,,,,,,,,,,,,,,,,,,,,,,,,,,,,,,,,,,,,,,,,,,,,,,,,,,,,,,,,,,,,,,,,,,,,,,,,,,,,,,,,,,,,,,,,,,,,,,,,,,,,,,,,,
SW15_4JY,Putney_Cottage,,GreenRoof,,SM2-44100-29-1-CONTIN,11:00:00,27/08/2014,10:00,03/09/2014,,,,522494,173819,51.450117,-0.23859054,,,358,,,,,,,,,,,,,,,,,,,,,,,,,,,,,,,,,,,,,,,,,,,,,,,,,,,,,,,,,,,,,,,,,,,,,,,,,,,,,,,,,,,,,,,,,,,,,,,,,,,,,,,,,,,,,,,,,,,,,,,,,,,,,,,,,,,,,,,,,,,,,,,,,,,,,,,,,,,,,,,,,,,,,,,,,,,,,,,,,,,,,,,,,,,,,,,,,,,,,,,,,,,,,,,,,,,,,,,,,,,,,,,,,,,,,,,,,,,,,,,,,,,,,,,,,,,,,,,,,,,,,,,,,,,,,,,,,
W5_5EQ,Ealing,,GreenRoof,13451,192-MONO-SNR12-HPF12000,15:00:00,28/08/2014,14:00,05/09/2014,,,,517509,180336,51.509747,-0.30812413,,,287,31,,,,,,,,,,,,,,,,,,,,,,,,,,,,,,,,,,,,,,,,,,,,,,,,,,,,,,,,,,,,,,,,,,,,,,,,,,,,,,,,,,,,,,,,,,,,,,,,,,,,,,,,,,,,,,,,,,,,,,,,,,,,,,,,,,,,,,,,,,,,,,,,,,,,,,,,,,,,,,,,,,,,,,,,,,,,,,,,,,,,,,,,,,,,,,,,,,,,,,,,,,,,,,,,,,,,,,,,,,,,,,,,,,,,,,,,,,,,,,,,,,,,,,,,,,,,,,,,,,,,,,,,,,,,,,,,
W5_5EQ,Ealing,,GreenRoof,11881,SM2-44100-29-1-CONTIN,15:00:00,28/08/2014,14:00,05/09/2014,,,,517509,180336,51.509747,-0.30812413,,,287,31,,,,,,,,,,,,,,,,,,,,,,,,,,,,,,,,,,,,,,,,,,,,,,,,,,,,,,,,,,,,,,,,,,,,,,,,,,,,,,,,,,,,,,,,,,,,,,,,,,,,,,,,,,,,,,,,,,,,,,,,,,,,,,,,,,,,,,,,,,,,,,,,,,,,,,,,,,,,,,,,,,,,,,,,,,,,,,,,,,,,,,,,,,,,,,,,,,,,,,,,,,,,,,,,,,,,,,,,,,,,,,,,,,,,,,,,,,,,,,,,,,,,,,,,,,,,,,,,,,,,,,,,,,,,,,,,
E14_0EY,Tower_Hamlets,,Churchyard,13378,192-MONO-SNR12-HPF12000,11:00:00,02/09/2014,08:18,10/09/2014,,,,538060,180961,51.510719,-0.011919737,,,121,,,,,,,,,,,,,,,,,,,,,,,,,,,,,,,,,,,,,,,,,,,,,,,,,,,,,,,,,,,,,,,,,,,,,,,,,,,,,,,,,,,,,,,,,,,,,,,,,,,,,,,,,,,,,,,,,,,,,,,,,,,,,,,,,,,,,,,,,,,,,,,,,,,,,,,,,,,,,,,,,,,,,,,,,,,,,,,,,,,,,,,,,,,,,,,,,,,,,,,,,,,,,,,,,,,,,,,,,,,,,,,,,,,,,,,,,,,,,,,,,,,,,,,,,,,,,,,,,,,,,,,,,,,,,,,,,
E14_0EY,Tower_Hamlets,,Churchyard,13527,SM2-44100-29-1-CONTIN,11:00:00,02/09/2014,16:00,06/09/2014,,,,538060,180961,51.510719,-0.011919737,,,121,,,,,Second SD malfunctioned and did nt save any data,,,,,,,,,,,,,,,,,,,,,,,,,,,,,,,,,,,,,,,,,,,,,,,,,,,,,,,,,,,,,,,,,,,,,,,,,,,,,,,,,,,,,,,,,,,,,,,,,,,,,,,,,,,,,,,,,,,,,,,,,,,,,,,,,,,,,,,,,,,,,,,,,,,,,,,,,,,,,,,,,,,,,,,,,,,,,,,,,,,,,,,,,,,,,,,,,,,,,,,,,,,,,,,,,,,,,,,,,,,,,,,,,,,,,,,,,,,,,,,,,,,,,,,,,,,,,,,,,,,,,,,,,,,,
E1_0NR,Stepney_Green,,Churchyard,11944,192-MONO-SNR12-HPF12000,15:00:00,03/09/2014,12:50,11/09/2014,,,,536009,181578,51.516755,-0.04122287,,,260,,,,,Microphone had been attacked and the membrane broken.The recoring quality doesn't seem to have been affected.,,,,,,,,,,,,,,,,,,,,,,,,,,,,,,,,,,,,,,,,,,,,,,,,,,,,,,,,,,,,,,,,,,,,,,,,,,,,,,,,,,,,,,,,,,,,,,,,,,,,,,,,,,,,,,,,,,,,,,,,,,,,,,,,,,,,,,,,,,,,,,,,,,,,,,,,,,,,,,,,,,,,,,,,,,,,,,,,,,,,,,,,,,,,,,,,,,,,,,,,,,,,,,,,,,,,,,,,,,,,,,,,,,,,,,,,,,,,,,,,,,,,,,,,,,,,,,,,,,,,,,,,,,,,
E1_0NR,Stepney_Green,,Churchyard,,SM2-44100-29-1-CONTIN,14:00:00,02/09/2014,22:00,10/09/2014,,,,536009,181578,51.516755,-0.04122287,,,260,,,,,Microphone wa attacked by membrane not broken. ,,,,,,,,,,,,,,,,,,,,,,,,,,,,,,,,,,,,,,,,,,,,,,,,,,,,,,,,,,,,,,,,,,,,,,,,,,,,,,,,,,,,,,,,,,,,,,,,,,,,,,,,,,,,,,,,,,,,,,,,,,,,,,,,,,,,,,,,,,,,,,,,,,,,,,,,,,,,,,,,,,,,,,,,,,,,,,,,,,,,,,,,,,,,,,,,,,,,,,,,,,,,,,,,,,,,,,,,,,,,,,,,,,,,,,,,,,,,,,,,,,,,,,,,,,,,,,,,,,,,,,,,,,,,
SE10_9EY,Greenwich,,GreenRoof,,192-MONO-SNR12-HPF12000,11:00:00,05/09/2014,10:00,12/09/2014,,,,539383,178124,51.484899,0.006002784,,,239,5,,,,,,,,,,,,,,,,,,,,,,,,,,,,,,,,,,,,,,,,,,,,,,,,,,,,,,,,,,,,,,,,,,,,,,,,,,,,,,,,,,,,,,,,,,,,,,,,,,,,,,,,,,,,,,,,,,,,,,,,,,,,,,,,,,,,,,,,,,,,,,,,,,,,,,,,,,,,,,,,,,,,,,,,,,,,,,,,,,,,,,,,,,,,,,,,,,,,,,,,,,,,,,,,,,,,,,,,,,,,,,,,,,,,,,,,,,,,,,,,,,,,,,,,,,,,,,,,,,,,,,,,,,,,,,,,
SE10_9EY,Greenwich,,GreenRoof,,SM2-44100-29-1-CONTIN,11:00:00,05/09/2014,10:00,12/09/2014,,,,539383,178124,51.484899,0.006002784,,,239,5,,,,,,,,,,,,,,,,,,,,,,,,,,,,,,,,,,,,,,,,,,,,,,,,,,,,,,,,,,,,,,,,,,,,,,,,,,,,,,,,,,,,,,,,,,,,,,,,,,,,,,,,,,,,,,,,,,,,,,,,,,,,,,,,,,,,,,,,,,,,,,,,,,,,,,,,,,,,,,,,,,,,,,,,,,,,,,,,,,,,,,,,,,,,,,,,,,,,,,,,,,,,,,,,,,,,,,,,,,,,,,,,,,,,,,,,,,,,,,,,,,,,,,,,,,,,,,,,,,,,,,,,,,,,,,,,
N2_9BX,East_Finchley,,GreenRoof,9671,192-MONO-SNR12-HPF12000,11:00:00,15/09/2014,10:00,22/09/2014,,,,527161,189804,51.592742,-0.1656881,,,200,,,,,,,,,,,,,,,,,,,,,,,,,,,,,,,,,,,,,,,,,,,,,,,,,,,,,,,,,,,,,,,,,,,,,,,,,,,,,,,,,,,,,,,,,,,,,,,,,,,,,,,,,,,,,,,,,,,,,,,,,,,,,,,,,,,,,,,,,,,,,,,,,,,,,,,,,,,,,,,,,,,,,,,,,,,,,,,,,,,,,,,,,,,,,,,,,,,,,,,,,,,,,,,,,,,,,,,,,,,,,,,,,,,,,,,,,,,,,,,,,,,,,,,,,,,,,,,,,,,,,,,,,,,,,,,,,
N2_9BX,East_Finchley,,GreenRoof,13548,SM2-44100-29-1-CONTIN,11:00:00,15/09/2014,10:00,22/09/2014,,,,527161,189804,51.592742,-0.1656881,,,200,,,,,,,,,,,,,,,,,,,,,,,,,,,,,,,,,,,,,,,,,,,,,,,,,,,,,,,,,,,,,,,,,,,,,,,,,,,,,,,,,,,,,,,,,,,,,,,,,,,,,,,,,,,,,,,,,,,,,,,,,,,,,,,,,,,,,,,,,,,,,,,,,,,,,,,,,,,,,,,,,,,,,,,,,,,,,,,,,,,,,,,,,,,,,,,,,,,,,,,,,,,,,,,,,,,,,,,,,,,,,,,,,,,,,,,,,,,,,,,,,,,,,,,,,,,,,,,,,,,,,,,,,,,,,,,,,
SW6_6DU,Putney_Bridge,,GreenRoof,13451,192-MONO-SNR12-HPF12000,11:00:00,16/09/2014,17:00,23/09/2014,,,,523934,176477,51.473692,-0.21694645,,,265,,,,,,,,,,,,,,,,,,,,,,,,,,,,,,,,,,,,,,,,,,,,,,,,,,,,,,,,,,,,,,,,,,,,,,,,,,,,,,,,,,,,,,,,,,,,,,,,,,,,,,,,,,,,,,,,,,,,,,,,,,,,,,,,,,,,,,,,,,,,,,,,,,,,,,,,,,,,,,,,,,,,,,,,,,,,,,,,,,,,,,,,,,,,,,,,,,,,,,,,,,,,,,,,,,,,,,,,,,,,,,,,,,,,,,,,,,,,,,,,,,,,,,,,,,,,,,,,,,,,,,,,,,,,,,,,,
SW6_6DU,Putney_Bridge,,GreenRoof,11881,SM2-44100-29-1-CONTIN,11:00:00,16/09/2014,17:00,23/09/2014,,,,523934,176477,51.473692,-0.21694645,,,265,,,,,,,,,,,,,,,,,,,,,,,,,,,,,,,,,,,,,,,,,,,,,,,,,,,,,,,,,,,,,,,,,,,,,,,,,,,,,,,,,,,,,,,,,,,,,,,,,,,,,,,,,,,,,,,,,,,,,,,,,,,,,,,,,,,,,,,,,,,,,,,,,,,,,,,,,,,,,,,,,,,,,,,,,,,,,,,,,,,,,,,,,,,,,,,,,,,,,,,,,,,,,,,,,,,,,,,,,,,,,,,,,,,,,,,,,,,,,,,,,,,,,,,,,,,,,,,,,,,,,,,,,,,,,,,,,
Rain,,,,,,,,,,,,,,,,,,,,,,,,,,,,,,,,,,,,,,,,,,,,,,,,,,,,,,,,,,,,,,,,,,,,,,,,,,,,,,,,,,,,,,,,,,,,,,,,,,,,,,,,,,,,,,,,,,,,,,,,,,,,,,,,,,,,,,,,,,,,,,,,,,,,,,,,,,,,,,N,N,N,N,N,N,N,Y,Y,,,Y,N,N,N,Y,N,Y,N,,,,,,,,,,,,,,,,,,,,,,,,,,,,,,,,,,,,,,,,,,,,,,,,,,,,,,,,,,,,,,,,,,,,,,,,,,,,,,,,,,,,,,,,,,,,,,,,,,,,,,,,,,,,,,,,,,,,
Mean Temp (Deg C),,,,,,,,,,,,,,,,,,,,,,,,,14.0,14.3,15.0,15.7,15.1,13.8,12.9,13.3,13.3,15.8,16.2,14.4,14.5,14.9,17.0,17.3,20.7,19.0,18.8,15.6,15.7,13.9,16.0,16.4,16.3,16.8,17.7,20.7,17.4,14.8,17.9,18.7,19.2,21.1,23.0,21.6,19.9,19.1,17.6,19.1,22.9,23.8,24.4,24.1,25.0,24.0,22.6,20.6,22.2,25.4,25.2,21.5,21.6,20.4,21.8,19.8,20.3,18.8,21.4,25.3,21.8,20.0,19.4,20.3,17.3,18.9,18.9,20.2,18.1,20.2,18.2,15.9,17.3,20.2,20.2,17.4,19.9,17.6,18.4,20.1,20.2,21.7,18.0,18.8,20.4,17.8,18.5,19.5,20.3,17.6,15.8,18.8,20.1,21.1,22.0,16.2,15.2,13.3,11.6,13.1,14.7,16.5,16.9,11.7,11.4,11.6,11.4,13.5,12.3,14.0,14.4,17.2,15.8,16.1,17.2,17.1,14.6,16.0,16.5,16.4,14.6,18.0,16.3,19.0,16.0,14.2,15.1,16.8,15.5,9.6,10.9,11.7,10.5,,,,,,,,,,,,,,,,,,,,,,,,,,,,,,,,,,,,,,,,,,,,,,,,,,,,,,,,,,,,,,,,,,,,,,,,,,,,,,,,,,,,,,,,,,,,,,,,,,,,,,,,,,,,,,,,,,,,,,,,,,,,,,,,,,,,,,,
Min Temp (Deg C),,,,,,,,,,,,,,,,,,,,,,,,,8.7,7.4,8.5,8.5,9.6,8.9,10.5,10.5,8.5,13.7,13.0,9.1,10.7,11.5,12.7,13.5,15.3,16.6,13.9,11.8,12.7,10.0,10.8,10.2,11.9,12.1,13.2,14.1,13.4,11.6,14.3,12.5,12.0,14.0,16.5,15.5,12.5,13.6,11.8,12.3,14.3,17.8,17.8,17.2,18.0,18.4,15.9,16.5,16.9,17.2,20.7,15.3,16.3,13.9,14.7,14.7,15.8,15.2,15.9,16.5,17.2,15.2,14.3,16.7,11.9,14.7,12.2,15.5,13.2,16.4,13.6,10.3,11.2,16.1,16.8,13.9,15.8,11.7,11.8,12.7,16.4,15.7,17.2,12.9,14.9,11.9,12.2,14.2,15.1,13.8,9.2,11.4,14.2,13.7,14.4,14.2,10.9,8.0,9.0,9.0,11.9,12.5,14.2,9.2,6.6,7.9,8.0,10.7,7.0,8.7,9.8,14.5,12.9,10.0,12.5,14.0,10.4,11.8,13.8,13.7,11.7,14.0,13.3,16.0,12.6,8.6,9.9,12.6,13.2,7.0,8.2,9.2,9.6,,,,,,,,,,,,,,,,,,,,,,,,,,,,,,,,,,,,,,,,,,,,,,,,,,,,,,,,,,,,,,,,,,,,,,,,,,,,,,,,,,,,,,,,,,,,,,,,,,,,,,,,,,,,,,,,,,,,,,,,,,,,,,,,,,,,,,,
Max Temp (Deg C),,,,,,,,,,,,,,,,,,,,,,,,,19.3,21.2,21.5,22.9,20.6,18.6,15.3,16.1,18.1,17.8,19.3,19.7,18.3,18.2,21.3,21.0,26.1,21.3,23.7,19.4,18.6,17.7,21.1,22.5,20.7,21.5,22.2,27.2,21.3,17.9,21.5,24.9,26.3,28.1,29.5,27.7,27.2,24.6,23.4,25.9,31.4,29.8,30.9,31.0,31.9,29.5,29.3,24.6,27.5,33.5,29.6,27.7,26.9,26.8,28.9,24.9,24.7,22.3,26.9,34.1,26.4,24.7,24.5,23.8,22.7,23.1,25.5,24.9,23.0,24.0,22.8,21.5,23.4,24.2,23.6,20.9,23.9,23.5,24.9,27.5,23.9,27.7,18.7,24.7,25.9,23.6,24.7,24.7,25.4,21.4,22.3,26.2,26.0,28.5,29.5,18.1,19.5,18.5,14.1,17.2,17.4,20.5,19.6,14.2,16.2,15.2,14.8,16.3,17.5,19.2,18.9,19.8,18.6,22.2,21.9,20.2,18.7,20.2,19.1,19.1,17.5,22.0,19.2,22.0,19.4,19.8,20.3,21.0,17.8,12.1,13.6,14.1,11.4,,,,,,,,,,,,,,,,,,,,,,,,,,,,,,,,,,,,,,,,,,,,,,,,,,,,,,,,,,,,,,,,,,,,,,,,,,,,,,,,,,,,,,,,,,,,,,,,,,,,,,,,,,,,,,,,,,,,,,,,,,,,,,,,,,,,,,,
Wind Speed (knots),,,,,,,,,,,,,,,,,,,,,,,,,6.0,9.0,7.0,8.0,8.0,10.0,9.0,5.0,8.0,14.0,15.0,10.0,15.0,8.0,9.0,5.0,5.0,6.0,9.0,15.0,14.0,8.0,4.0,5.0,6.0,7.0,7.0,10.0,9.0,9.0,9.0,9.0,4.0,4.0,6.0,8.0,7.0,8.0,7.0,4.0,5.0,5.0,4.0,4.0,5.0,7.0,9.0,9.0,7.0,6.0,7.0,8.0,8.0,5.0,5.0,13.0,12.0,9.0,11.0,10.0,10.0,12.0,10.0,9.0,4.0,6.0,6.0,9.0,7.0,9.0,8.0,7.0,6.0,10.0,9.0,12.0,10.0,6.0,5.0,5.0,5.0,7.0,6.0,7.0,6.0,4.0,4.0,6.0,9.0,6.0,8.0,7.0,3.0,5.0,4.0,6.0,9.0,6.0,5.0,8.0,7.0,4.0,5.0,6.0,11.0,13.0,8.0,7.0,8.0,6.0,7.0,5.0,3.0,3.0,3.0,7.0,7.0,8.0,9.0,8.0,8.0,8.0,8.0,10.0,4.0,4.0,6.0,7.0,8.0,10.0,12.0,7.0,8.0,,,,,,,,,,,,,,,,,,,,,,,,,,,,,,,,,,,,,,,,,,,,,,,,,,,,,,,,,,,,,,,,,,,,,,,,,,,,,,,,,,,,,,,,,,,,,,,,,,,,,,,,,,,,,,,,,,,,,,,,,,,,,,,,,,,,,,,
Rainfall (mm),,,,,,,,,,,,,,,,,,,,,,,,,0.0,0.0,0.0,0.4,0.6,0.0,0.0,0.0,0.0,2.2,0.0,1.0,3.0,0.2,0.0,0.0,0.0,0.0,1.6,0.2,0.2,0.0,0.0,0.0,1.4,0.8,0.0,0.0,0.0,1.2,0.0,0.0,0.0,0.0,0.0,0.0,0.0,0.0,0.0,0.0,0.0,0.0,0.0,0.0,0.0,0.0,0.0,0.0,0.6,0.2,0.4,8.6,0.0,0.0,6.0,2.8,2.8,2.6,0.0,0.0,3.2,0.0,0.0,12.0,0.0,0.0,0.6,0.0,0.0,0.0,0.0,0.4,1.0,1.2,0.8,0.0,0.0,0.0,0.0,2.8,0.0,0.6,9.8,0.2,0.0,0.0,0.0,0.0,0.0,0.0,0.0,0.0,0.0,0.0,0.0,1.2,0.2,3.2,3.2,0.0,2.6,1.8,29.8,0.2,1.8,0.2,4.6,0.0,0.2,0.0,0.0,0.0,0.2,0.0,0.0,0.0,0.0,0.4,0.0,0.0,0.0,0.0,1.6,0.0,0.2,0.0,0.0,0.0,0.0,1.2,5.0,2.2,9.0,,,,,,,,,,,,,,,,,,,,,,,,,,,,,,,,,,,,,,,,,,,,,,,,,,,,,,,,,,,,,,,,,,,,,,,,,,,,,,,,,,,,,,,,,,,,,,,,,,,,,,,,,,,,,,,,,,,,,,,,,,,,,,,,,,,,,,,
Global Radiation (kjm2),,,,,,,,,,,,,,,,,,,,,,,,,29213.0,30418.0,27152.0,28606.0,15072.0,28804.0,11736.0,10272.0,9019.0,7532.0,10658.0,20498.0,18924.0,17230.0,13060.0,12243.0,17530.0,10262.0,13159.0,11493.0,13106.0,12285.0,22071.0,19447.0,19546.0,8059.0,25486.0,27466.0,22374.0,8132.0,11203.0,17559.0,26760.0,28531.0,28952.0,28367.0,29248.0,26279.0,28485.0,22164.0,25070.0,25690.0,28330.0,24535.0,21065.0,27246.0,27897.0,15581.0,18697.0,23246.0,16426.0,23089.0,17584.0,19978.0,18345.0,18889.0,19160.0,9818.0,11937.0,25843.0,17035.0,21152.0,19161.0,12484.0,21646.0,19931.0,21918.0,17789.0,15391.0,21758.0,16759.0,15463.0,16505.0,11790.0,10709.0,10512.0,14633.0,17741.0,21944.0,21506.0,8903.0,15074.0,4491.0,14396.0,17204.0,19053.0,19658.0,18508.0,18101.0,21113.0,16057.0,20327.0,12285.0,19694.0,18279.0,6567.0,14685.0,11351.0,4598.0,11486.0,8046.0,6914.0,4512.0,4368.0,6435.0,14965.0,5413.0,11075.0,5477.0,12901.0,5551.0,4681.0,4775.0,11930.0,9563.0,10447.0,11440.0,6852.0,10544.0,6768.0,3863.0,7769.0,4520.0,8101.0,5593.0,12180.0,9542.0,8963.0,6070.0,6899.0,4688.0,7155.0,1597.0,,,,,,,,,,,,,,,,,,,,,,,,,,,,,,,,,,,,,,,,,,,,,,,,,,,,,,,,,,,,,,,,,,,,,,,,,,,,,,,,,,,,,,,,,,,,,,,,,,,,,,,,,,,,,,,,,,,,,,,,,,,,,,,,,,,,,,,
Sunshine (hours),,,,,,,,,,,,,,,,,,,,,,,,,13.2,14.1,9.1,13.3,4.6,11.4,0.3,0.1,0.6,0.3,1.5,5.1,6.3,2.5,0.2,3.2,4.9,2.0,3.3,1.1,1.9,0.4,7.9,5.5,5.0,0.0,9.1,11.1,8.2,0.0,0.2,4.5,11.9,13.6,13.8,13.7,14.5,12.8,12.5,8.1,12.1,11.3,12.6,9.2,8.3,13.9,14.3,2.9,7.5,10.9,4.9,8.6,6.5,7.9,5.8,7.8,5.5,3.1,1.3,13.3,5.0,9.8,6.1,2.0,9.1,7.3,9.5,4.7,2.8,8.9,4.3,4.3,5.7,2.1,2.4,2.5,4.2,8.9,10.6,11.3,0.8,6.2,0.0,4.9,7.2,8.5,9.2,8.1,8.2,10.8,5.4,12.6,4.2,12.5,11.6,2.8,6.1,5.3,0.1,4.0,0.8,0.8,0.1,0.0,3.5,9.4,0.5,4.1,1.1,6.4,0.0,0.0,1.2,6.1,2.3,3.4,7.0,0.7,4.5,2.4,0.0,2.1,0.9,3.9,0.9,9.5,4.3,4.9,1.3,3.3,2.4,3.0,0.0,,,,,,,,,,,,,,,,,,,,,,,,,,,,,,,,,,,,,,,,,,,,,,,,,,,,,,,,,,,,,,,,,,,,,,,,,,,,,,,,,,,,,,,,,,,,,,,,,,,,,,,,,,,,,,,,,,,,,,,,,,,,,,,,,,,,,,,
Sunrise,,,,,,,,,,,,,,,,,,,,,,,,,,,,,,04:45,,,,,,,04:43,,,,,,,04:43,,,,,,,04:46,,,,,,,04:52,,,,,,,04:59,,,,,,,,,,,,,,05:17,,,,,,,,,,,,,,,,,,,,,05:49,,,,,,,,,,,,,,,,,,,,,06:23,,,,,,,,,,,,,,06:45,,,,,,,,,,,,,,,,,,,,,07:19,,05:03,,,,,,,,04:54,,,,,,,,,,,,,,,,,,,,,,,,,,,,,,,,,,,,,,,,,,,,,,,,,,,,,,,,,,,,,,,,,,,,,,,,,,,,,,,,,,,,,,,,,,,,,,,,,,,,,,,,,,,,,,,,,,,,,,,,,,,,,,
Sunset,,,,,,,,,,,,,,,,,,,,,,,,,,,,,,21:15,,,,,,,21:19,,,,,,,21:22,,,,,,,21:21,,,,,,,21:18,,,,,,,21:13,,,,,,,,,,,,,,20:56,,,,,,,,,,,,,,,,,,,,,20:19,,,,,,,,,,,,,,,,,,,,,19:33,,,,,,,,,,,,,,19:01,,,,,,,,,,,,,,,,,,,,,18:13,,20:52,,,,,,,,21:02,,,,,,,,,,,,,,,,,,,,,,,,,,,,,,,,,,,,,,,,,,,,,,,,,,,,,,,,,,,,,,,,,,,,,,,,,,,,,,,,,,,,,,,,,,,,,,,,,,,,,,,,,,,,,,,,,,,,,,,,,,,,,,
Sunset,,,,0.856944444,,,,,,,,,,,,,,,,,,,,,,,,,,,,,,,,,,,,,,,,,,,,,,,,,,,,,,,,,,,,,,,,,,,,,,,,,,,,,,,,,,,,,,,,,,,,,,,,,,,,,,,,,,,,,,,,,,,,,,,,,,,,,,,,,,,,,,,,,,,,,,,,,,,,,,,,,,,,,,,,,,,,,,,,,,,,,,,,,,,,,,,,,,,,,,,,,,,,,,,,,,,,,,,,,,,,,,,,,,,,,,,,,,,,,,,,,,,,,,,,,,,,,,,,,,,,,,,,,,,,,,,,,,,,,,,,,,,,,,,,,,,,,,,,
Sunset + 1.5 hours,,,,0.919444444,,,,,,,,,,,,,,,,,,,,,,,,,,,,,,,,,,,,,,,,,,,,,,,,,,,,,,,,,,,,,,,,,,,,,,,,,,,,,,,,,,,,,,,,,,,,,,,,,,,,,,,,,,,,,,,,,,,,,,,,,,,,,,,,,,,,,,,,,,,,,,,,,,,,,,,,,,,,,,,,,,,,,,,,,,,,,,,,,,,,,,,,,,,,,,,,,,,,,,,,,,,,,,,,,,,,,,,,,,,,,,,,,,,,,,,,,,,,,,,,,,,,,,,,,,,,,,,,,,,,,,,,,,,,,,,,,,,,,,,,,,,,,,,,
sunset-12hrs,,,,0.356944444,,,,,,,,,,,,,,,,,,,,,,,,,,,,,,,,,,,,,,,,,,,,,,,,,,,,,,,,,,,,,,,,,,,,,,,,,,,,,,,,,,,,,,,,,,,,,,,,,,,,,,,,,,,,,,,,,,,,,,,,,,,,,,,,,,,,,,,,,,,,,,,,,,,,,,,,,,,,,,,,,,,,,,,,,,,,,,,,,,,,,,,,,,,,,,,,,,,,,,,,,,,,,,,,,,,,,,,,,,,,,,,,,,,,,,,,,,,,,,,,,,,,,,,,,,,,,,,,,,,,,,,,,,,,,,,,,,,,,,,,,,,,,,,,
Midnight,,,,0.999305556,,,,,,,,,,,,,,,,,,,,,,,,,,,,,,,,,,,,,,,,,,,,,,,,,,,,,,,,,,,,,,,,,,,,,,,,,,,,,,,,,,,,,,,,,,,,,,,,,,,,,,,,,,,,,,,,,,,,,,,,,,,,,,,,,,,,,,,,,,,,,,,,,,,,,,,,,,,,,,,,,,,,,,,,,,,,,,,,,,,,,,,,,,,,,,,,,,,,,,,,,,,,,,,,,,,,,,,,,,,,,,,,,,,,,,,,,,,,,,,,,,,,,,,,,,,,,,,,,,,,,,,,,,,,,,,,,,,,,,,,,,,,,,,,
Mid - Sunset decimal,,,,3.416666667,,,,,,,,,,,,,,,,,,,,,,,,,,,,,,,,,,,,,,,,,,,,,,,,,,,,,,,,,,,,,,,,,,,,,,,,,,,,,,,,,,,,,,,,,,,,,,,,,,,,,,,,,,,,,,,,,,,,,,,,,,,,,,,,,,,,,,,,,,,,,,,,,,,,,,,,,,,,,,,,,,,,,,,,,,,,,,,,,,,,,,,,,,,,,,,,,,,,,,,,,,,,,,,,,,,,,,,,,,,,,,,,,,,,,,,,,,,,,,,,,,,,,,,,,,,,,,,,,,,,,,,,,,,,,,,,,,,,,,,,,,,,,,,,
Mid - Sunset hour min,,,,3:25,,,,,,,,,,,,,,,,,,,,,,,,,,,,,,,,,,,,,,,,,,,,,,,,,,,,,,,,,,,,,,,,,,,,,,,,,,,,,,,,,,,,,,,,,,,,,,,,,,,,,,,,,,,,,,,,,,,,,,,,,,,,,,,,,,,,,,,,,,,,,,,,,,,,,,,,,,,,,,,,,,,,,,,,,,,,,,,,,,,,,,,,,,,,,,,,,,,,,,,,,,,,,,,,,,,,,,,,,,,,,,,,,,,,,,,,,,,,,,,,,,,,,,,,,,,,,,,,,,,,,,,,,,,,,,,,,,,,,,,,,,,,,,,,
Midnight,,,,0.000694444,,,,,,,,,,,,,,,,,,,,,,,,,,,,,,,,,,,,,,,,,,,,,,,,,,,,,,,,,,,,,,,,,,,,,,,,,,,,,,,,,,,,,,,,,,,,,,,,,,,,,,,,,,,,,,,,,,,,,,,,,,,,,,,,,,,,,,,,,,,,,,,,,,,,,,,,,,,,,,,,,,,,,,,,,,,,,,,,,,,,,,,,,,,,,,,,,,,,,,,,,,,,,,,,,,,,,,,,,,,,,,,,,,,,,,,,,,,,,,,,,,,,,,,,,,,,,,,,,,,,,,,,,,,,,,,,,,,,,,,,,,,,,,,,
Sunrise,,,,0.233333333,,,,,,,,,,,,,,,,,,,,,,,,,,,,,,,,,,,,,,,,,,,,,,,,,,,,,,,,,,,,,,,,,,,,,,,,,,,,,,,,,,,,,,,,,,,,,,,,,,,,,,,,,,,,,,,,,,,,,,,,,,,,,,,,,,,,,,,,,,,,,,,,,,,,,,,,,,,,,,,,,,,,,,,,,,,,,,,,,,,,,,,,,,,,,,,,,,,,,,,,,,,,,,,,,,,,,,,,,,,,,,,,,,,,,,,,,,,,,,,,,,,,,,,,,,,,,,,,,,,,,,,,,,,,,,,,,,,,,,,,,,,,,,,,
Mid - Sunset decimal,,,,5.583333333,,,,,,,,,,,,,,,,,,,,,,,,,,,,,,,,,,,,,,,,,,,,,,,,,,,,,,,,,,,,,,,,,,,,,,,,,,,,,,,,,,,,,,,,,,,,,,,,,,,,,,,,,,,,,,,,,,,,,,,,,,,,,,,,,,,,,,,,,,,,,,,,,,,,,,,,,,,,,,,,,,,,,,,,,,,,,,,,,,,,,,,,,,,,,,,,,,,,,,,,,,,,,,,,,,,,,,,,,,,,,,,,,,,,,,,,,,,,,,,,,,,,,,,,,,,,,,,,,,,,,,,,,,,,,,,,,,,,,,,,,,,,,,,,
Mid - Sunset hour min,,,,5:35,,,,,,,,,,,,,,,,,,,,,,,,,,,,,,,,,,,,,,,,,,,,,,,,,,,,,,,,,,,,,,,,,,,,,,,,,,,,,,,,,,,,,,,,,,,,,,,,,,,,,,,,,,,,,,,,,,,,,,,,,,,,,,,,,,,,,,,,,,,,,,,,,,,,,,,,,,,,,,,,,,,,,,,,,,,,,,,,,,,,,,,,,,,,,,,,,,,,,,,,,,,,,,,,,,,,,,,,,,,,,,,,,,,,,,,,,,,,,,,,,,,,,,,,,,,,,,,,,,,,,,,,,,,,,,,,,,,,,,,,,,,,,,,,
Night hours,,,,0.375,,,,,,,,,,,,,,,,,,,,,,,,,,,,,,,,,,,,,,,,,,,,,,,,,,,,,,,,,,,,,,,,,,,,,,,,,,,,,,,,,,,,,,,,,,,,,,,,,,,,,,,,,,,,,,,,,,,,,,,,,,,,,,,,,,,,,,,,,,,,,,,,,,,,,,,,,,,,,,,,,,,,,,,,,,,,,,,,,,,,,,,,,,,,,,,,,,,,,,,,,,,,,,,,,,,,,,,,,,,,,,,,,,,,,,,,,,,,,,,,,,,,,,,,,,,,,,,,,,,,,,,,,,,,,,,,,,,,,,,,,,,,,,,,
Night hours,,,,0.375,,,,,,,,,,,,,,,,,,,,,,,,,,,,,,,,,,,,,,,,,,,,,,,,,,,,,,,,,,,,,,,,,,,,,,,,,,,,,,,,,,,,,,,,,,,,,,,,,,,,,,,,,,,,,,,,,,,,,,,,,,,,,,,,,,,,,,,,,,,,,,,,,,,,,,,,,,,,,,,,,,,,,,,,,,,,,,,,,,,,,,,,,,,,,,,,,,,,,,,,,,,,,,,,,,,,,,,,,,,,,,,,,,,,,,,,,,,,,,,,,,,,,,,,,,,,,,,,,,,,,,,,,,,,,,,,,,,,,,,,,,,,,,,,
SM2BAT Max,,,,,,,,,,,,,,,,,,,,,,,7513,,,,,,,,,,,,,,,,,,,,,,,,,,,,,,,,,,,,,,,,,,,,,,,,,,,,,,,,,,,,,,,,,,,,,,,,,,,,,,,,,,,,,,,,,,,,,,,,,,,,,,,,,,,,,,,,,,,,,,,,,,,,,,,,,,,,,,,,,,,,,,,,,,,,,,,,,,,,,,,,,,,,,,,,,,,,,,,,,,,,,,,,,,,,,,,,,,,,,,,,,,,,,,,,,,,,,,,,,,,,,,,,,,,,,,,,,,,,,,,,,,,,,,,,,,,,,,,,,,,,,,,,,,,,,
SM2BAT Min,,,,,,,,,,,,,,,,,,,,,,,255,,,,,,,,,,,,,,,,,,,,,,,,,,,,,,,,,,,,,,,,,,,,,,,,,,,,,,,,,,,,,,,,,,,,,,,,,,,,,,,,,,,,,,,,,,,,,,,,,,,,,,,,,,,,,,,,,,,,,,,,,,,,,,,,,,,,,,,,,,,,,,,,,,,,,,,,,,,,,,,,,,,,,,,,,,,,,,,,,,,,,,,,,,,,,,,,,,,,,,,,,,,,,,,,,,,,,,,,,,,,,,,,,,,,,,,,,,,,,,,,,,,,,,,,,,,,,,,,,,,,,,,,,,,,,
SM2BAT Mean,,,,,,,,,,,,,,,,,,,,,,,1270.466667,,,,,,,,,,,,,,,,,,,,,,,,,,,,,,,,,,,,,,,,,,,,,,,,,,,,,,,,,,,,,,,,,,,,,,,,,,,,,,,,,,,,,,,,,,,,,,,,,,,,,,,,,,,,,,,,,,,,,,,,,,,,,,,,,,,,,,,,,,,,,,,,,,,,,,,,,,,,,,,,,,,,,,,,,,,,,,,,,,,,,,,,,,,,,,,,,,,,,,,,,,,,,,,,,,,,,,,,,,,,,,,,,,,,,,,,,,,,,,,,,,,,,,,,,,,,,,,,,,,,,,,,,,,,,
SM2BAT SD,,,,,,,,,,,,,,,,,,,,,,,1858.455383,,,,,,,,,,,,,,,,,,,,,,,,,,,,,,,,,,,,,,,,,,,,,,,,,,,,,,,,,,,,,,,,,,,,,,,,,,,,,,,,,,,,,,,,,,,,,,,,,,,,,,,,,,,,,,,,,,,,,,,,,,,,,,,,,,,,,,,,,,,,,,,,,,,,,,,,,,,,,,,,,,,,,,,,,,,,,,,,,,,,,,,,,,,,,,,,,,,,,,,,,,,,,,,,,,,,,,,,,,,,,,,,,,,,,,,,,,,,,,,,,,,,,,,,,,,,,,,,,,,,,,,,,,,,,
